,Survived,Sex,Age,Embarked_C,Embarked_Q,Pclass_1,Pclass_2,Fare Log,Alone,HasSib,HasPC,Title Conv_Crew,Title Conv_Master,Title Conv_Miss,Title Conv_Mr,Title Conv_Mrs,Title Conv_Royal
0,0,1,-0.5303766406838785,0,0,0,0,-0.8788200108994082,0,1,0,0,0,0,1,0,0
1,1,0,0.571830994003175,1,0,1,0,1.3366505627311,0,1,0,0,0,0,0,1,0
2,1,0,-0.25482473201211503,0,0,0,0,-0.7900648523349328,1,0,0,0,0,1,0,0,0
3,1,0,0.36516706249935255,0,0,1,0,1.0673524254551596,0,1,0,0,0,0,0,1,0
4,0,1,0.36516706249935255,0,0,0,0,-0.7744389665349906,1,0,0,0,0,0,1,0,0
5,0,1,0.1838601376666439,0,1,0,0,-0.7250024574183433,1,0,0,0,0,0,1,0,0
6,0,1,1.6740386286902287,0,0,1,0,1.0455156118295652,1,0,0,0,0,0,1,0,0
7,0,1,-1.9081361840426954,0,0,0,0,0.184264126595147,0,1,1,0,1,0,0,0,0
8,1,0,-0.1859367548441742,0,0,0,0,-0.4499439306697041,0,0,1,0,0,0,0,1,0
9,1,0,-1.0814804580274051,1,0,0,1,0.530176228150115,0,1,0,0,0,0,0,1,0
10,1,0,-1.7703602297068137,0,0,0,0,-0.04548833579152164,0,1,1,0,0,1,0,0,0
11,1,0,1.949590537361992,0,0,1,0,0.4097876829708136,1,0,0,0,0,1,0,0,0
12,0,1,-0.6681525950197601,0,0,0,0,-0.7744389665349906,1,0,0,0,0,0,1,0,0
13,0,1,0.6407189711711159,0,0,0,0,0.5679458144351708,0,1,1,0,0,0,1,0,0
14,0,0,-1.0814804580274051,0,0,0,0,-0.7990223003910729,1,0,0,0,0,1,0,0,0
15,1,0,1.7429266058581694,0,0,0,1,-0.08799900911574544,1,0,0,0,0,0,0,1,0
16,0,1,-1.9081361840426954,0,1,0,0,0.49936669405602246,0,1,1,0,1,0,0,0,0
17,1,1,0.1838601376666439,0,0,0,1,-0.29490695142577483,1,0,0,0,0,0,1,0,0
18,0,0,0.08961515382758917,0,0,0,0,0.02877395262730231,0,1,0,0,0,0,0,1,0
19,1,0,0.4195190444850673,1,0,0,0,-0.8822588435457258,1,0,0,0,0,0,0,1,0
20,0,1,0.36516706249935255,0,0,0,1,0.3894624891038156,1,0,0,0,0,0,1,0,0
21,1,1,0.2962790853314117,0,0,0,1,-0.29490695142577483,1,0,0,0,0,0,1,0,0
22,1,0,-1.0125924808594644,0,1,0,0,-0.7770226204663158,1,0,0,0,0,1,0,0,0
23,1,1,-0.11704877767623337,0,0,1,0,0.6891828147320104,1,0,0,0,0,0,1,0,0
24,0,0,-1.4948083210350502,0,0,0,0,0.184264126595147,0,1,1,0,0,1,0,0,0
25,1,0,0.571830994003175,0,0,0,0,0.5713950910429243,0,1,1,0,0,0,0,1,0
26,0,1,0.1838601376666439,1,0,0,0,-0.8822588435457258,1,0,0,0,0,0,1,0,0
27,0,1,-0.7370405721877009,0,0,1,0,2.451465567777001,0,1,1,0,0,0,1,0,0
28,1,0,-0.5430295344494186,0,1,0,0,-0.7958504077163578,1,0,0,0,0,1,0,0,0
29,0,1,0.1838601376666439,0,0,0,0,-0.7937496823951081,1,0,0,0,0,0,1,0,0
30,0,1,0.7096069483390568,1,0,1,0,0.4516094744695418,1,0,0,0,0,0,0,0,1
31,1,0,0.4195190444850673,1,0,1,0,1.9680262005817477,0,1,0,0,0,0,0,1,0
32,1,0,-0.5430295344494186,0,1,0,0,-0.8123494711804629,1,0,0,0,0,1,0,0,0
33,0,1,2.500694354705519,0,0,0,1,-0.508581748876937,1,0,0,0,0,0,1,0,0
34,0,1,-0.11704877767623337,1,0,1,0,1.464330000797333,0,1,0,0,0,0,1,0,0
35,0,1,0.8473829026749384,0,0,1,0,1.0479694907503116,0,1,0,0,0,0,1,0,0
36,1,1,0.1838601376666439,1,0,0,0,-0.8816803183842716,1,0,0,0,0,0,1,0,0
37,0,1,-0.5992646178518193,0,0,0,0,-0.7744389665349906,1,0,0,0,0,0,1,0,0
38,0,0,-0.8059285493556418,0,0,0,0,0.02877395262730231,0,1,0,0,0,1,0,0,0
39,1,0,-1.0814804580274051,1,0,0,0,-0.44024444791413486,0,1,0,0,0,1,0,0,0
40,0,0,0.7096069483390568,0,0,0,0,-0.6114356029782085,0,1,0,0,0,0,0,1,0
41,0,0,-0.1859367548441742,0,0,0,1,0.18076165551499218,0,1,0,0,0,0,0,1,0
42,0,1,0.1838601376666439,1,0,0,0,-0.7937496823951081,1,0,0,0,0,0,1,0,0
43,1,0,-1.8392482068747544,1,0,0,1,0.8389621153238396,0,1,1,0,0,1,0,0,0
44,1,0,-0.7370405721877009,0,1,0,0,-0.7958504077163578,1,0,0,0,0,1,0,0,0
45,0,1,0.1838601376666439,0,0,0,0,-0.7744389665349906,1,0,0,0,0,0,1,0,0
46,0,1,0.1838601376666439,0,1,0,0,-0.11955766867350957,0,1,0,0,0,0,1,0,0
47,1,0,-0.5430295344494186,0,1,0,0,-0.8123494711804629,1,0,0,0,0,1,0,0,0
48,0,1,0.1838601376666439,1,0,0,0,0.21201220985380492,0,1,0,0,0,0,1,0,0
49,0,0,-0.8059285493556418,0,0,0,0,0.017718654948957392,0,1,0,0,0,0,0,1,0
50,0,1,-1.5636962982029912,0,0,0,0,0.7950124479441173,0,1,1,0,1,0,0,0,0
51,0,1,-0.5992646178518193,0,0,0,0,-0.8059328575660878,1,0,0,0,0,0,1,0,0
52,1,0,1.3295987428505243,1,0,1,0,1.4029715225395143,0,1,0,0,0,0,0,1,0
53,1,0,-0.04816080050829252,0,0,0,1,0.3894624891038156,0,1,0,0,0,0,0,1,0
54,0,1,2.431806377537578,1,0,1,0,1.209542934450732,0,0,1,0,0,0,1,0,0
55,1,1,0.1838601376666439,0,0,1,0,0.6891828147320104,1,0,0,0,0,0,1,0,0
56,1,0,-0.5992646178518193,0,0,0,1,-0.508581748876937,1,0,0,0,0,1,0,0,0
57,0,1,-0.08260478909226295,1,0,0,0,-0.8816803183842716,1,0,0,0,0,0,1,0,0
58,1,0,-1.7014722525388728,0,0,0,1,0.4526284654702597,0,1,1,0,0,1,0,0,0
59,0,1,-1.2881443895312277,0,0,0,0,0.9519329279939817,0,1,1,0,1,0,0,0,0
60,0,1,-0.5303766406838785,1,0,0,0,-0.8816803183842716,1,0,0,0,0,0,1,0,0
61,1,0,0.571830994003175,0,0,1,0,1.4403962009317166,1,0,0,0,0,1,0,0,0
62,0,1,1.054046834178761,0,0,1,0,1.478381759099281,0,1,0,0,0,0,1,0,0
63,0,1,-1.7703602297068137,0,0,0,0,0.4578451618132792,0,1,1,0,1,0,0,0,0
64,0,1,0.1838601376666439,1,0,1,0,0.4516094744695418,1,0,0,0,0,0,1,0,0
65,1,1,-1.7308070494828875,1,0,0,0,-0.13600718893081518,0,1,1,0,1,0,0,0,0
66,1,0,-0.04816080050829252,0,0,0,1,-0.508581748876937,1,0,0,0,0,0,0,1,0
67,0,1,-0.7370405721877009,0,0,0,0,-0.7610910719580439,1,0,0,0,0,0,1,0,0
68,1,0,-0.8748165265235827,0,0,0,0,-0.7900648523349328,0,1,1,0,0,1,0,0,0
69,0,1,-0.25482473201211503,0,0,0,0,-0.7011496316564397,0,1,0,0,0,0,1,0,0
70,0,1,0.15850313099553,0,0,0,1,-0.508581748876937,1,0,0,0,0,0,1,0,0
71,0,0,-0.9437045036915235,0,0,0,0,0.9519329279939817,0,1,1,0,0,1,0,0,0
72,0,1,-0.5992646178518193,0,0,0,1,1.3642869479580602,1,0,0,0,0,0,1,0,0
73,0,1,-0.25482473201211503,1,0,0,0,-0.18910201309544222,0,1,0,0,0,0,1,0,0
74,1,1,0.15850313099553,0,0,0,0,1.124566263356787,1,0,0,0,0,0,1,0,0
75,0,1,-0.3237127091800559,0,0,0,0,-0.8253043229155469,1,0,0,0,0,0,1,0,0
76,0,1,0.1838601376666439,0,0,0,0,-0.7937496823951081,1,0,0,0,0,0,1,0,0
77,0,1,0.1838601376666439,0,0,0,0,-0.7744389665349906,1,0,0,0,0,0,1,0,0
78,1,1,-1.9887351173291863,0,0,0,1,0.49521550084249966,0,0,1,0,1,0,0,0,0
79,1,0,0.020727176659648322,0,0,0,0,-0.3361033117175764,1,0,0,0,0,1,0,0,0
80,0,1,-0.5303766406838785,0,0,0,0,-0.6629139457265515,1,0,0,0,0,0,1,0,0
81,1,1,-0.04816080050829252,0,0,0,0,-0.6087975787372644,1,0,0,0,0,0,1,0,0
82,1,0,-0.5430295344494186,0,1,0,0,-0.8075332518482503,1,0,0,0,0,1,0,0,0
83,0,1,-0.11704877767623337,0,0,1,0,0.9559067177596747,1,0,0,0,0,0,1,0,0
84,1,0,-0.8748165265235827,0,0,0,1,-0.508581748876937,1,0,0,0,0,1,0,0,0
85,1,0,0.22739110816347086,0,0,0,0,-0.09735846660333514,0,1,0,0,0,0,0,1,0
86,0,1,-0.9437045036915235,0,0,0,0,0.6584677037140474,0,1,1,0,0,0,1,0,0
87,0,1,0.1838601376666439,0,0,0,0,-0.7744389665349906,1,0,0,0,0,0,1,0,0
88,1,0,-0.4614886635159376,0,0,1,0,2.451465567777001,0,1,1,0,0,1,0,0,0
89,0,1,-0.3926006863479967,0,0,0,0,-0.7744389665349906,1,0,0,0,0,0,1,0,0
90,0,1,-0.04816080050829252,0,0,0,0,-0.7744389665349906,1,0,0,0,0,0,1,0,0
91,0,1,-0.6681525950197601,0,0,0,0,-0.7990223003910729,1,0,0,0,0,0,1,0,0
92,0,1,1.122934811346702,0,0,1,0,1.197600073346916,0,1,0,0,0,0,1,0,0
93,0,1,-0.25482473201211503,0,0,0,0,0.16066346067814524,0,1,1,0,0,0,1,0,0
94,0,1,2.018478514529933,0,0,0,0,-0.8788200108994082,1,0,0,0,0,0,1,0,0
95,0,1,0.1838601376666439,0,0,0,0,-0.7744389665349906,1,0,0,0,0,0,1,0,0
96,0,1,2.845134240545223,1,0,1,0,0.6661895360119184,1,0,0,0,0,0,1,0,0
97,1,1,-0.4614886635159376,1,0,1,0,1.2296388308515447,0,0,1,0,0,0,1,0,0
98,1,0,0.2962790853314117,0,0,0,1,0.26994365415268723,0,0,1,0,0,0,0,1,0
99,0,1,0.2962790853314117,0,0,0,1,0.3894624891038156,0,1,0,0,0,0,1,0,0
100,0,0,-0.11704877767623337,0,0,0,0,-0.7937496823951081,1,0,0,0,0,1,0,0,0
101,0,1,0.1838601376666439,0,0,0,0,-0.7937496823951081,1,0,0,0,0,0,1,0,0
102,0,1,-0.5992646178518193,0,0,1,0,1.4094806204688717,0,0,1,0,0,0,1,0,0
103,0,1,0.22739110816347086,0,0,0,0,-0.7021083332333912,1,0,0,0,0,0,1,0,0
104,0,1,0.5029430168352342,0,0,0,0,-0.7900648523349328,0,1,0,0,0,0,1,0,0
105,0,1,-0.11704877767623337,0,0,0,0,-0.7937496823951081,1,0,0,0,0,0,1,0,0
106,1,0,-0.5992646178518193,0,0,0,0,-0.8253043229155469,1,0,0,0,0,1,0,0,0
107,1,1,0.1838601376666439,0,0,0,0,-0.8091361472192804,1,0,0,0,0,0,1,0,0
108,0,1,0.571830994003175,0,0,0,0,-0.7937496823951081,1,0,0,0,0,0,1,0,0
109,1,0,-0.5430295344494186,0,1,0,0,0.3176023716976525,0,1,0,0,0,1,0,0,0
110,0,1,1.1918227885146426,0,0,1,0,1.0479694907503116,1,0,0,0,0,0,1,0,0
111,0,0,-1.0470364694434349,1,0,0,0,-0.18910201309544222,0,1,0,0,0,1,0,0,0
112,0,1,-0.5303766406838785,0,0,0,0,-0.7744389665349906,1,0,0,0,0,0,1,0,0
113,0,0,-0.6681525950197601,0,0,0,0,-0.5751176824222796,0,1,0,0,0,1,0,0,0
114,0,0,-0.8748165265235827,1,0,0,0,-0.1888193821209553,1,0,0,0,0,1,0,0,0
115,0,1,-0.5992646178518193,0,0,0,0,-0.7900648523349328,1,0,0,0,0,0,1,0,0
116,0,1,2.8106902519612524,0,1,0,0,-0.8123494711804629,1,0,0,0,0,0,1,0,0
117,0,1,-0.04816080050829252,0,0,0,1,0.18076165551499218,0,1,0,0,0,0,1,0,0
118,0,1,-0.3926006863479967,1,0,1,0,2.402544006667777,0,0,1,0,0,0,1,0,0
119,0,0,-1.9081361840426954,0,0,0,0,0.5679458144351708,0,1,1,0,0,1,0,0,0
120,0,1,-0.5992646178518193,0,0,0,1,1.3642869479580602,0,1,0,0,0,0,1,0,0
121,0,1,0.1838601376666439,0,0,0,0,-0.7744389665349906,1,0,0,0,0,0,1,0,0
122,0,1,0.19294711957950042,1,0,0,1,0.530176228150115,0,1,0,0,0,0,1,0,0
123,1,0,0.19294711957950042,0,0,0,1,-0.29490695142577483,1,0,0,0,0,1,0,0,0
124,0,1,1.6740386286902287,0,0,1,0,1.4094806204688717,0,0,1,0,0,0,1,0,0
125,1,1,-1.219256412363287,1,0,0,0,-0.44024444791413486,0,1,0,0,1,0,0,0,0
126,0,1,0.1838601376666439,0,1,0,0,-0.8123494711804629,1,0,0,0,0,0,1,0,0
127,1,1,-0.3926006863479967,0,0,0,0,-0.8938003994847618,1,0,0,0,0,0,1,0,0
128,1,0,-0.5430295344494186,1,0,0,0,0.24224744376372973,0,1,1,0,0,1,0,0,0
129,0,1,1.054046834178761,0,0,0,0,-0.9172917065427432,1,0,0,0,0,0,1,0,0
130,0,1,0.22739110816347086,1,0,0,0,-0.7937496823951081,1,0,0,0,0,0,1,0,0
131,0,1,-0.6681525950197601,0,0,0,0,-0.9066566679432189,1,0,0,0,0,0,1,0,0
132,0,0,1.1918227885146426,0,0,0,0,-0.1859494845016523,0,1,0,0,0,0,0,1,0
133,1,0,-0.04816080050829252,0,0,0,1,0.3894624891038156,0,1,0,0,0,0,0,1,0
134,0,1,-0.3237127091800559,0,0,0,1,-0.29490695142577483,1,0,0,0,0,0,1,0,0
135,0,1,-0.4614886635159376,1,0,0,1,-0.14914924318944617,1,0,0,0,0,0,1,0,0
136,1,0,-0.7370405721877009,0,0,1,0,0.3999879914008249,0,0,1,0,0,1,0,0,0
137,0,1,0.5029430168352342,0,0,1,0,1.0673524254551596,0,1,0,0,0,0,1,0,0
138,0,1,-0.9437045036915235,0,0,0,0,-0.6391032500330405,1,0,0,0,0,0,1,0,0
139,0,1,-0.3926006863479967,1,0,1,0,1.431397844298052,1,0,0,0,0,0,1,0,0
140,0,0,0.4195190444850673,1,0,0,0,-0.13600718893081518,0,0,1,0,0,0,0,1,0
141,1,0,-0.5303766406838785,0,0,0,0,-0.8123494711804629,1,0,0,0,0,1,0,0,0
142,1,0,-0.3926006863479967,0,0,0,0,-0.09735846660333514,0,1,0,0,0,0,0,1,0
143,0,1,-0.7370405721877009,0,1,0,0,-0.9498679321223064,1,0,0,0,0,0,1,0,0
144,0,1,-0.8059285493556418,0,0,0,1,-0.4175071151092745,1,0,0,0,0,0,1,0,0
145,0,1,-0.7370405721877009,0,0,0,1,0.722114713420121,0,1,1,0,0,0,1,0,0
146,1,1,-0.1859367548441742,0,0,0,0,-0.8064703115048817,1,0,0,0,0,0,1,0,0
147,0,0,-1.4259203438671093,0,0,0,0,0.6584677037140474,0,1,1,0,0,1,0,0,0
148,0,1,0.4684990282512638,0,0,0,1,0.3894624891038156,0,0,1,0,0,0,1,0,0
149,0,1,0.8473829026749384,0,0,0,1,-0.29490695142577483,1,0,0,1,0,0,0,0,0
150,0,1,1.4673746971864061,0,0,0,1,-0.3321045657344954,1,0,0,1,0,0,0,0,0
151,1,0,-0.5303766406838785,0,0,1,0,1.275071823249132,0,1,0,0,0,0,0,1,0
152,0,1,1.7773705944421399,0,0,0,0,-0.7744389665349906,1,0,0,0,0,0,1,0,0
153,0,1,0.7440509369230272,0,0,0,0,-0.1859494845016523,0,0,1,0,0,0,1,0,0
154,0,1,0.1838601376666439,0,0,0,0,-0.8702727371110002,1,0,0,0,0,0,1,0,0
155,0,1,1.4673746971864061,1,0,1,0,1.200648563203139,0,0,1,0,0,0,1,0,0
156,1,0,-0.9437045036915235,0,1,0,0,-0.8145015916428835,1,0,0,0,0,1,0,0,0
157,0,1,0.020727176659648322,0,0,0,0,-0.7744389665349906,1,0,0,0,0,0,1,0,0
158,0,1,0.1838601376666439,0,0,0,0,-0.7011496316564397,1,0,0,0,0,0,1,0,0
159,0,1,-1.7308070494828875,0,0,0,0,1.3143846624772113,0,1,1,0,1,0,0,0,0
160,0,1,0.9851588570108202,0,0,0,0,-0.08180959740030973,0,0,1,0,0,0,1,0,0
161,1,0,0.7096069483390568,0,0,0,1,-0.1036490631317367,1,0,0,0,0,0,0,1,0
162,0,1,-0.25482473201211503,0,0,0,0,-0.8091361472192804,1,0,0,0,0,0,1,0,0
163,0,1,-0.8748165265235827,0,0,0,0,-0.7011496316564397,1,0,0,0,0,0,1,0,0
164,0,1,-1.977024161210636,0,0,0,0,0.7950124479441173,0,1,1,0,1,0,0,0,0
165,1,1,-1.4259203438671093,0,0,0,0,0.15827043093030468,0,0,1,0,1,0,0,0,0
166,1,0,0.4195190444850673,0,0,1,0,1.099834325807622,0,0,1,0,0,0,0,1,0
167,0,0,1.054046834178761,0,0,0,0,0.4578451618132792,0,1,1,0,0,0,0,1,0
168,0,1,0.1838601376666439,0,0,1,0,0.3866556944978805,1,0,0,0,0,0,1,0,0
169,0,1,-0.11704877767623337,0,0,0,0,1.124566263356787,1,0,0,0,0,0,1,0,0
170,0,1,2.1562544688658143,0,0,1,0,0.6338273217050017,1,0,0,0,0,0,1,0,0
171,0,1,-1.7703602297068137,0,1,0,0,0.49936669405602246,0,1,1,0,1,0,0,0,0
172,1,0,-1.977024161210636,0,0,0,0,-0.4499439306697041,0,1,1,0,0,1,0,0,0
173,0,1,-0.5992646178518193,0,0,0,0,-0.7900648523349328,1,0,0,0,0,0,1,0,0
174,0,1,1.8118145830261103,1,0,1,0,0.5499759558670488,1,0,0,0,0,0,1,0,0
175,0,1,-0.8059285493556418,0,0,0,0,-0.7990223003910729,0,1,1,0,0,0,1,0,0
176,0,1,-1.7308070494828875,0,0,0,0,0.3693156710663103,0,1,1,0,1,0,0,0,0
177,0,0,1.3984867200184652,1,0,1,0,0.48559525590413477,1,0,0,0,0,1,0,0,0
178,0,1,0.020727176659648322,0,0,0,1,-0.29490695142577483,1,0,0,0,0,0,1,0,0
179,0,1,0.43405503966729336,0,0,0,0,-3.534079228978147,1,0,0,0,0,0,1,0,0
180,0,0,-0.5430295344494186,0,0,0,0,1.3143846624772113,0,1,1,0,0,1,0,0,0
181,0,1,0.1838601376666439,1,0,0,1,-0.1488714153198066,1,0,0,0,0,0,1,0,0
182,0,1,-1.4259203438671093,0,0,0,0,0.5713950910429243,0,1,1,0,1,0,0,0,0
183,1,1,-1.977024161210636,0,0,0,1,0.7784812836829662,0,1,1,0,1,0,0,0,0
184,1,0,-1.7703602297068137,0,0,0,0,0.22753043535924497,0,0,1,0,0,1,0,0,0
185,0,1,0.1838601376666439,0,0,1,0,1.0115692353929522,1,0,0,0,0,0,1,0,0
186,1,0,0.4195190444850673,0,1,0,0,-0.11955766867350957,0,1,0,0,0,0,0,1,0
187,1,1,1.054046834178761,0,0,1,0,0.4097876829708136,1,0,0,0,0,0,1,0,0
188,0,1,0.7096069483390568,0,1,0,0,-0.11955766867350957,0,1,1,0,0,0,1,0,0
189,0,1,0.43405503966729336,0,0,0,0,-0.7937496823951081,1,0,0,0,0,0,1,0,0
190,1,0,0.15850313099553,0,0,0,1,-0.29490695142577483,1,0,0,0,0,0,0,1,0
191,0,1,-0.7370405721877009,0,0,0,1,-0.29490695142577483,1,0,0,0,0,0,1,0,0
192,1,0,-0.7370405721877009,0,0,0,0,-0.7990223003910729,0,1,0,0,0,1,0,0,0
193,1,1,-1.8392482068747544,0,0,0,1,0.3894624891038156,0,1,1,0,1,0,0,0,0
194,1,0,0.9851588570108202,1,0,1,0,0.4516094744695418,1,0,0,0,0,0,0,1,0
195,1,0,1.949590537361992,1,0,1,0,1.9680262005817477,1,0,0,0,0,1,0,0,0
196,0,1,0.1838601376666439,0,1,0,0,-0.8123494711804629,1,0,0,0,0,0,1,0,0
197,0,1,0.8473829026749384,0,0,0,0,-0.7314167407138507,0,0,1,0,0,0,1,0,0
198,1,0,-0.5430295344494186,0,1,0,0,-0.8123494711804629,1,0,0,0,0,1,0,0,0
199,0,0,-0.3926006863479967,0,0,0,1,-0.29490695142577483,1,0,0,0,0,1,0,0,0
200,0,1,-0.11704877767623337,0,0,0,0,-0.6087975787372644,1,0,0,0,0,0,1,0,0
201,0,1,0.1838601376666439,0,0,0,0,1.3143846624772113,0,1,1,0,0,0,1,0,0
202,0,1,0.2962790853314117,0,0,0,0,-0.9879447585670972,1,0,0,0,0,0,1,0,0
203,0,1,1.0884908227627315,1,0,0,0,-0.8822588435457258,1,0,0,0,0,0,1,0,0
204,1,1,-0.8059285493556418,0,0,0,0,-0.7744389665349906,1,0,0,0,0,0,1,0,0
205,0,0,-1.9081361840426954,0,0,0,0,-0.5121644314964972,0,0,1,0,0,1,0,0,0
206,0,1,0.15850313099553,0,0,0,0,-0.09735846660333514,0,1,0,0,0,0,1,0,0
207,1,1,-0.25482473201211503,1,0,0,0,0.07109533676794128,1,0,0,0,0,0,1,0,0
208,1,0,-0.9437045036915235,0,1,0,0,-0.8123494711804629,1,0,0,0,0,1,0,0,0
209,1,1,0.7096069483390568,1,0,1,0,0.5594583804125576,1,0,0,0,0,0,1,0,0
210,0,1,-0.3926006863479967,0,0,0,0,-0.9066566679432189,1,0,0,0,0,0,1,0,0
211,1,0,0.36516706249935255,0,0,0,1,0.18076165551499218,1,0,0,0,0,1,0,0,0
212,0,1,-0.5303766406838785,0,0,0,0,-0.8788200108994082,1,0,0,0,0,0,1,0,0
213,0,1,0.020727176659648322,0,0,0,1,-0.29490695142577483,1,0,0,0,0,0,1,0,0
214,0,1,0.1838601376666439,0,1,0,0,-0.8123494711804629,0,1,0,0,0,0,1,0,0
215,1,0,0.08961515382758917,1,0,1,0,1.7470618926866468,0,1,0,0,0,1,0,0,0
216,1,0,-0.1859367548441742,0,0,0,0,-0.7900648523349328,1,0,0,0,0,1,0,0,0
217,0,1,0.8473829026749384,0,0,0,1,0.4260888138266195,0,1,0,0,0,0,1,0,0
218,1,0,0.15850313099553,1,0,1,0,1.3978348344961509,1,0,0,0,0,1,0,0,0
219,0,1,0.020727176659648322,0,0,0,1,-0.508581748876937,1,0,0,0,0,0,1,0,0
220,1,1,-0.9437045036915235,0,0,0,0,-0.7744389665349906,1,0,0,0,0,0,1,0,0
221,0,1,-0.1859367548441742,0,0,0,1,-0.29490695142577483,1,0,0,0,0,0,1,0,0
222,0,1,1.4673746971864061,0,0,0,0,-0.7744389665349906,1,0,0,0,0,0,1,0,0
223,0,1,0.1838601376666439,0,0,0,0,-0.7937496823951081,1,0,0,0,0,0,1,0,0
224,1,1,0.571830994003175,0,0,1,0,1.5452818280111233,0,1,0,0,0,0,1,0,0
225,0,1,-0.5303766406838785,0,0,0,0,-0.6247302347487568,1,0,0,0,0,0,1,0,0
226,1,1,-0.7370405721877009,0,0,0,1,-0.508581748876937,1,0,0,0,0,0,1,0,0
227,0,1,-0.6337086064357897,0,0,0,0,-0.8788200108994082,1,0,0,0,0,0,1,0,0
228,0,1,-0.8059285493556418,0,0,0,1,-0.29490695142577483,1,0,0,0,0,0,1,0,0
229,0,0,-0.5430295344494186,0,0,0,0,0.3693156710663103,0,1,1,0,0,1,0,0,0
230,1,0,0.36516706249935255,0,0,1,0,1.478381759099281,0,1,0,0,0,0,0,1,0
231,0,1,-0.04816080050829252,0,0,0,0,-0.8091361472192804,1,0,0,0,0,0,1,0,0
232,0,1,2.018478514529933,0,0,0,1,-0.25721945267277185,1,0,0,0,0,0,1,0,0
233,1,0,-1.7014722525388728,0,0,0,0,0.5713950910429243,0,1,1,0,0,1,0,0,0
234,0,1,-0.3926006863479967,0,0,0,1,-0.508581748876937,1,0,0,0,0,0,1,0,0
235,0,0,-0.5430295344494186,0,0,0,0,-0.8384246404658469,1,0,0,0,0,1,0,0,0
236,0,1,0.9851588570108202,0,0,0,1,0.3894624891038156,0,1,0,0,0,0,1,0,0
237,1,0,-1.4948083210350502,0,0,0,1,0.39875702744646196,0,0,1,0,0,1,0,0,0
238,0,1,-0.7370405721877009,0,0,0,1,-0.508581748876937,1,0,0,0,0,0,1,0,0
239,0,1,0.22739110816347086,0,0,0,1,-0.3522627994800673,1,0,0,0,0,0,1,0,0
240,0,0,-0.5430295344494186,1,0,0,0,-0.18910201309544222,0,1,0,0,0,1,0,0,0
241,1,0,-0.5430295344494186,0,1,0,0,-0.11955766867350957,0,1,0,0,0,1,0,0,0
242,0,1,-0.04816080050829252,0,0,0,1,-0.508581748876937,1,0,0,0,0,0,1,0,0
243,0,1,-0.5303766406838785,0,0,0,0,-0.8961298507513357,1,0,0,0,0,0,1,0,0
244,0,1,0.020727176659648322,1,0,0,0,-0.8822588435457258,1,0,0,0,0,0,1,0,0
245,0,1,0.9851588570108202,0,1,1,0,1.5452818280111233,0,1,0,1,0,0,0,0,0
246,0,0,-0.3237127091800559,0,0,0,0,-0.8091361472192804,1,0,0,0,0,1,0,0,0
247,1,0,-0.3926006863479967,0,0,0,1,-0.1859494845016523,0,0,1,0,0,0,0,1,0
248,1,1,0.5029430168352342,0,0,1,0,1.0577895966442024,0,1,1,0,0,0,1,0,0
249,0,1,1.6740386286902287,0,0,0,1,0.3894624891038156,0,1,0,1,0,0,0,0,0
250,0,1,0.1838601376666439,0,0,0,0,-0.8788200108994082,1,0,0,0,0,0,1,0,0
251,0,0,-0.04816080050829252,0,0,0,0,-0.5121644314964972,0,1,1,0,0,0,0,1,0
252,0,1,2.225142446033755,0,0,1,0,0.4097876829708136,1,0,0,0,0,0,1,0,0
253,0,1,0.020727176659648322,0,0,0,0,-0.08180959740030973,0,1,0,0,0,0,1,0,0
254,0,0,0.7784949255069976,0,0,0,0,0.14317436939489844,0,0,1,0,0,0,0,1,0
255,1,0,-0.04816080050829252,1,0,0,0,-0.13600718893081518,0,0,1,0,0,0,0,1,0
256,1,0,0.4195190444850673,1,0,1,0,1.431397844298052,1,0,0,0,0,0,0,1,0
257,1,0,0.020727176659648322,0,0,1,0,1.5100772838130345,1,0,0,0,0,1,0,0,0
258,1,0,0.36516706249935255,1,0,1,0,2.971192115954401,1,0,0,0,0,1,0,0,0
259,1,0,1.3984867200184652,0,0,0,1,0.3894624891038156,0,0,1,0,0,0,0,1,0
260,0,1,0.1838601376666439,0,1,0,0,-0.8123494711804629,1,0,0,0,0,0,1,0,0
261,1,1,-1.8392482068747544,0,0,0,0,0.5713950910429243,0,1,1,0,1,0,0,0,0
262,0,1,1.5362626743543468,0,0,1,0,1.4364714791510735,0,1,1,0,0,0,1,0,0
263,0,1,0.7096069483390568,0,0,1,0,-3.534079228978147,1,0,0,0,0,0,1,0,0
264,0,0,-0.5430295344494186,0,1,0,0,-0.8123494711804629,1,0,0,0,0,1,0,0,0
265,0,1,0.43405503966729336,0,0,0,1,-0.508581748876937,1,0,0,0,0,0,1,0,0
266,0,1,-0.9437045036915235,0,0,0,0,0.7950124479441173,0,1,1,0,0,0,1,0,0
267,1,1,-0.3237127091800559,0,0,0,0,-0.8091361472192804,0,1,0,0,0,0,1,0,0
268,1,0,1.949590537361992,0,0,1,0,2.0072316709217044,0,0,1,0,0,0,0,1,0
269,1,0,0.36516706249935255,0,0,1,0,1.9022635691952856,1,0,0,0,0,1,0,0,0
270,0,1,0.1838601376666439,0,0,1,0,0.5594583804125576,1,0,0,0,0,0,1,0,0
271,1,1,-0.3237127091800559,0,0,0,0,-3.534079228978147,1,0,0,0,0,0,1,0,0
272,1,0,0.7784949255069976,0,0,0,1,0.10782252429134782,0,0,1,0,0,0,0,1,0
273,0,1,0.5029430168352342,1,0,1,0,0.5182216859312723,0,0,1,0,0,0,1,0,0
274,1,0,-0.5430295344494186,0,1,0,0,-0.8123494711804629,1,0,0,0,0,1,0,0,0
275,1,0,2.294030423201696,0,0,1,0,1.4172342653962413,0,1,0,0,0,1,0,0,0
276,0,0,1.054046834178761,0,0,0,0,-0.8123494711804629,1,0,0,0,0,1,0,0,0
277,0,1,0.1838601376666439,0,0,0,1,-3.534079228978147,1,0,0,0,0,0,1,0,0
278,0,1,-1.5636962982029912,0,1,0,0,0.49936669405602246,0,1,1,0,1,0,0,0,0
279,1,0,0.36516706249935255,0,0,0,0,0.14499874319224296,0,1,1,0,0,0,0,1,0
280,0,1,2.431806377537578,0,1,0,0,-0.8123494711804629,1,0,0,0,0,0,1,0,0
281,0,1,-0.11704877767623337,0,0,0,0,-0.7990223003910729,1,0,0,0,0,0,1,0,0
282,0,1,-0.9437045036915235,0,0,0,0,-0.6087975787372644,1,0,0,0,0,0,1,0,0
283,1,1,-0.7370405721877009,0,0,0,0,-0.7744389665349906,1,0,0,0,0,0,1,0,0
284,0,1,0.1838601376666439,0,0,1,0,0.3894624891038156,1,0,0,0,0,0,1,0,0
285,0,1,0.22739110816347086,1,0,0,0,-0.7011496316564397,1,0,0,0,0,0,1,0,0
286,1,1,0.020727176659648322,0,0,0,0,-0.6087975787372644,1,0,0,0,0,0,1,0,0
287,0,1,-0.5303766406838785,0,0,0,0,-0.7937496823951081,1,0,0,0,0,0,1,0,0
288,1,1,0.8473829026749384,0,0,0,1,-0.29490695142577483,1,0,0,0,0,0,1,0,0
289,1,0,-0.5303766406838785,0,1,0,0,-0.8123494711804629,1,0,0,0,0,1,0,0,0
290,1,0,-0.25482473201211503,0,0,1,0,1.4274300297575753,1,0,0,0,0,1,0,0,0
291,1,0,-0.7370405721877009,1,0,1,0,1.5558377893841182,0,1,0,0,0,0,0,1,0
292,0,1,0.43405503966729336,1,0,0,1,-0.3045599231691731,1,0,0,0,0,0,1,0,0
293,0,0,-0.3926006863479967,0,0,0,0,-0.6797299162298719,1,0,0,0,0,1,0,0,0
294,0,1,-0.3926006863479967,0,0,0,0,-0.7937496823951081,1,0,0,0,0,0,1,0,0
295,0,1,0.1838601376666439,1,0,1,0,0.4516094744695418,1,0,0,0,0,0,1,0,0
296,0,1,-0.4270446749319672,1,0,0,0,-0.8816803183842716,1,0,0,0,0,0,1,0,0
297,0,0,-1.9081361840426954,0,0,1,0,1.9966262949697902,0,1,1,0,0,1,0,0,0
298,1,1,0.1838601376666439,0,0,1,0,0.5438195401808212,1,0,0,0,0,0,1,0,0
299,1,0,1.3984867200184652,1,0,1,0,2.402544006667777,0,0,1,0,0,0,0,1,0
300,1,0,-0.5430295344494186,0,1,0,0,-0.8123494711804629,1,0,0,0,0,1,0,0,0
301,1,1,0.1838601376666439,0,1,0,0,0.28051447664692314,0,1,0,0,0,0,1,0,0
302,0,1,-0.7370405721877009,0,0,0,0,-3.534079228978147,1,0,0,0,0,0,1,0,0
303,1,0,-0.5430295344494186,0,1,0,1,-0.34617186472439987,1,0,0,0,0,1,0,0,0
304,0,1,0.1838601376666439,0,0,0,0,-0.7744389665349906,1,0,0,0,0,0,1,0,0
305,1,1,-1.9825351993840714,0,0,1,0,1.9966262949697902,0,1,1,0,1,0,0,0,0
306,1,0,-0.5430295344494186,1,0,1,0,1.728510879886873,1,0,0,0,0,1,0,0,0
307,1,0,-0.8748165265235827,1,0,1,0,1.7127943267497472,0,1,0,0,0,0,0,1,0
308,0,1,0.020727176659648322,1,0,0,1,0.3115232171466179,0,1,0,0,0,0,1,0,0
309,1,0,0.020727176659648322,1,0,1,0,1.1316004034060663,1,0,0,0,0,1,0,0,0
310,1,0,-0.3926006863479967,1,0,1,0,1.4749915619436882,1,0,0,0,0,1,0,0,0
311,1,0,-0.8059285493556418,1,0,1,0,2.44955193523899,0,1,1,0,0,1,0,0,0
312,0,0,-0.25482473201211503,0,0,0,1,0.3894624891038156,0,1,1,0,0,0,0,1,0
313,0,1,-0.11704877767623337,0,0,0,0,-0.7937496823951081,1,0,0,0,0,0,1,0,0
314,0,1,0.9162708798428792,0,0,0,1,0.39875702744646196,0,1,1,0,0,0,1,0,0
315,1,0,-0.25482473201211503,0,0,0,0,-0.7990223003910729,1,0,0,0,0,1,0,0,0
316,1,0,-0.3926006863479967,0,0,0,1,0.3894624891038156,0,1,0,0,0,0,0,1,0
317,0,1,1.6740386286902287,0,0,0,1,-0.22093236054822704,1,0,0,1,0,0,0,0,0
318,1,0,0.08961515382758917,0,0,1,0,2.0676196735798067,0,0,1,0,0,1,0,0,0
319,1,0,0.7096069483390568,1,0,1,0,1.8950895614735974,0,1,1,0,0,0,0,1,0
320,0,1,-0.5303766406838785,0,0,0,0,-0.8788200108994082,1,0,0,0,0,0,1,0,0
321,0,1,-0.1859367548441742,0,0,0,0,-0.7937496823951081,1,0,0,0,0,0,1,0,0
322,1,0,0.020727176659648322,0,1,0,1,-0.34617186472439987,1,0,0,0,0,1,0,0,0
323,1,0,-0.5303766406838785,0,0,0,1,0.49521550084249966,0,1,1,0,0,0,0,1,0
324,0,1,0.1838601376666439,0,0,0,0,1.3143846624772113,0,1,1,0,0,0,1,0,0
325,1,0,0.43405503966729336,1,0,1,0,1.9022635691952856,1,0,0,0,0,1,0,0,0
326,0,1,2.1562544688658143,0,0,0,0,-1.028116146874027,1,0,0,0,0,0,1,0,0
327,1,0,0.43405503966729336,0,0,0,1,-0.29490695142577483,1,0,0,0,0,0,0,1,0
328,1,0,0.08961515382758917,0,0,0,0,0.15827043093030468,0,1,1,0,0,0,0,1,0
329,1,0,-0.9437045036915235,1,0,1,0,1.1484052423769242,0,0,1,0,0,1,0,0,0
330,1,0,-0.5430295344494186,0,1,0,0,0.28051447664692314,0,1,0,0,0,1,0,0,0
331,0,1,1.0884908227627315,0,0,1,0,0.47841872666883883,1,0,0,0,0,0,1,0,0
332,0,1,0.571830994003175,0,0,1,0,2.0072316709217044,0,0,1,0,0,0,1,0,0
333,0,1,-0.9437045036915235,0,0,0,0,0.02877395262730231,0,1,0,0,0,0,1,0,0
334,1,0,0.4195190444850673,0,0,1,0,1.8896655325855451,0,1,0,0,0,0,0,1,0
335,0,1,0.1838601376666439,0,0,0,0,-0.7937496823951081,1,0,0,0,0,0,1,0,0
336,0,1,-0.04816080050829252,0,0,1,0,1.275071823249132,0,1,0,0,0,0,1,0,0
337,1,0,0.7784949255069976,1,0,1,0,1.8950895614735974,1,0,0,0,0,1,0,0,0
338,1,1,1.054046834178761,0,0,0,0,-0.7744389665349906,1,0,0,0,0,0,1,0,0
339,0,1,1.054046834178761,0,0,1,0,0.6891828147320104,1,0,0,0,0,0,1,0,0
340,1,1,-1.9081361840426954,0,0,0,1,0.3894624891038156,0,1,1,0,1,0,0,0,0
341,1,0,-0.3926006863479967,0,0,1,0,2.451465567777001,0,1,1,0,0,1,0,0,0
342,0,1,-0.11704877767623337,0,0,0,1,-0.29490695142577483,1,0,0,0,0,0,1,0,0
343,0,1,-0.3237127091800559,0,0,0,1,-0.29490695142577483,1,0,0,0,0,0,1,0,0
344,0,1,0.43405503966729336,0,0,0,1,-0.29490695142577483,1,0,0,0,0,0,1,0,0
345,1,0,-0.3926006863479967,0,0,0,1,-0.29490695142577483,1,0,0,0,0,1,0,0,0
346,1,0,0.7096069483390568,0,0,0,1,-0.29490695142577483,1,0,0,0,0,1,0,0,0
347,1,0,0.4195190444850673,0,0,0,0,-0.08180959740030973,0,1,0,0,0,0,0,1,0
348,1,1,-1.8392482068747544,0,0,0,0,-0.09422851908274288,0,1,1,0,1,0,0,0,0
349,0,1,0.8473829026749384,0,0,0,0,-0.7011496316564397,1,0,0,0,0,0,1,0,0
350,0,1,-0.4614886635159376,0,0,0,0,-0.6382023110905035,1,0,0,0,0,0,1,0,0
351,0,1,0.1838601376666439,0,0,1,0,0.6756618146683153,1,0,0,0,0,0,1,0,0
352,0,1,-1.0125924808594644,1,0,0,0,-0.8816803183842716,0,1,1,0,0,0,1,0,0
353,0,1,-0.3237127091800559,0,0,0,0,0.017718654948957392,0,1,0,0,0,0,1,0,0
354,0,1,0.1838601376666439,1,0,0,0,-0.8822588435457258,1,0,0,0,0,0,1,0,0
355,0,1,-0.11704877767623337,0,0,0,0,-0.6087975787372644,1,0,0,0,0,0,1,0,0
356,1,0,-0.5303766406838785,0,0,1,0,1.099834325807622,0,0,1,0,0,1,0,0,0
357,0,0,0.571830994003175,0,0,0,1,-0.29490695142577483,1,0,0,0,0,1,0,0,0
358,1,0,-0.5430295344494186,0,1,0,0,-0.7958504077163578,1,0,0,0,0,1,0,0,0
359,1,0,-0.5430295344494186,0,1,0,0,-0.7958504077163578,1,0,0,0,0,1,0,0,0
360,0,1,0.7096069483390568,0,0,0,0,0.4578451618132792,0,1,1,0,0,0,1,0,0
361,0,1,-0.04816080050829252,1,0,0,1,0.4516094744695418,0,1,0,0,0,0,1,0,0
362,0,0,1.054046834178761,1,0,0,0,-0.18910201309544222,0,0,1,0,0,0,0,1,0
363,0,1,0.36516706249935255,0,0,0,0,-0.9066566679432189,1,0,0,0,0,0,1,0,0
364,0,1,0.1838601376666439,0,1,0,0,-0.11955766867350957,0,1,0,0,0,0,1,0,0
365,0,1,0.020727176659648322,0,0,0,0,-0.8788200108994082,1,0,0,0,0,0,1,0,0
366,1,0,2.087366491697874,1,0,1,0,1.3854746421622888,0,1,0,0,0,0,0,1,0
367,1,0,0.4195190444850673,1,0,0,0,-0.8816803183842716,1,0,0,0,0,0,0,1,0
368,1,0,-0.5430295344494186,0,1,0,0,-0.8123494711804629,1,0,0,0,0,1,0,0,0
369,1,0,-0.3926006863479967,1,0,1,0,1.3111236763633973,1,0,0,0,0,0,0,1,0
370,1,1,-0.3237127091800559,1,0,1,0,1.1072122516627214,0,1,0,0,0,0,1,0,0
371,0,1,-0.8059285493556418,0,0,0,0,-0.9879447585670972,0,1,0,0,0,0,1,0,0
372,0,1,-0.7370405721877009,0,0,0,0,-0.7744389665349906,1,0,0,0,0,0,1,0,0
373,0,1,-0.5303766406838785,1,0,1,0,1.9022635691952856,1,0,0,0,0,0,1,0,0
374,0,0,-1.8392482068747544,0,0,0,0,0.184264126595147,0,1,1,0,0,1,0,0,0
375,1,0,0.4195190444850673,1,0,1,0,1.464330000797333,0,1,0,0,0,0,0,1,0
376,1,0,-0.5303766406838785,0,0,0,0,-0.8788200108994082,1,0,0,0,0,1,0,0,0
377,0,1,-0.1859367548441742,1,0,1,0,2.2744107991031695,0,0,1,0,0,0,1,0,0
378,0,1,-0.6681525950197601,1,0,0,0,-1.4573118611651525,1,0,0,0,0,0,1,0,0
379,0,1,-0.7370405721877009,0,0,0,0,-0.8091361472192804,1,0,0,0,0,0,1,0,0
380,1,0,0.8473829026749384,1,0,1,0,2.3341482456030995,1,0,0,0,0,1,0,0,0
381,1,0,-1.977024161210636,1,0,0,0,-0.10417303461050682,0,0,1,0,0,1,0,0,0
382,0,1,0.15850313099553,0,0,0,0,-0.7900648523349328,1,0,0,0,0,0,1,0,0
383,1,0,0.36516706249935255,0,0,1,0,1.0479694907503116,0,1,0,0,0,0,0,1,0
384,0,1,0.1838601376666439,0,0,0,0,-0.7937496823951081,1,0,0,0,0,0,1,0,0
385,0,1,-0.8059285493556418,0,0,0,1,1.3642869479580602,1,0,0,0,0,0,1,0,0
386,0,1,-1.977024161210636,0,0,0,0,0.9519329279939817,0,1,1,0,1,0,0,0,0
387,1,0,0.43405503966729336,0,0,0,1,-0.29490695142577483,1,0,0,0,0,1,0,0,0
388,0,1,0.1838601376666439,0,1,0,0,-0.8150306473030784,1,0,0,0,0,0,1,0,0
389,1,0,-0.8748165265235827,1,0,0,1,-0.37492390948370374,1,0,0,0,0,1,0,0,0
390,1,1,0.43405503966729336,0,0,1,0,1.7970226728965362,0,1,1,0,0,0,1,0,0
391,1,1,-0.5992646178518193,0,0,0,0,-0.8064703115048817,1,0,0,0,0,0,1,0,0
392,0,1,-0.11704877767623337,0,0,0,0,-0.7900648523349328,0,1,0,0,0,0,1,0,0
393,1,0,-0.4614886635159376,1,0,1,0,1.7470618926866468,0,1,0,0,0,1,0,0,0
394,1,0,-0.3926006863479967,0,0,0,0,-0.04548833579152164,0,0,1,0,0,0,0,1,0
395,0,1,-0.5303766406838785,0,0,0,0,-0.8064703115048817,1,0,0,0,0,0,1,0,0
396,0,0,0.08961515382758917,0,0,0,0,-0.7990223003910729,1,0,0,0,0,1,0,0,0
397,0,1,1.122934811346702,0,0,0,1,0.3894624891038156,1,0,0,0,0,0,1,0,0
398,0,1,-0.4614886635159376,0,0,0,1,-0.508581748876937,1,0,0,1,0,0,0,0,0
399,1,0,-0.11704877767623337,0,0,0,1,-0.32217828342902216,1,0,0,0,0,0,0,1,0
400,1,1,0.6407189711711159,0,0,0,0,-0.7900648523349328,1,0,0,0,0,0,1,0,0
401,0,1,-0.25482473201211503,0,0,0,0,-0.7744389665349906,1,0,0,0,0,0,1,0,0
402,0,0,-0.5992646178518193,0,0,0,0,-0.5751176824222796,0,1,0,0,0,1,0,0,0
403,0,1,-0.11704877767623337,0,0,0,0,-0.09735846660333514,0,1,0,0,0,0,1,0,0
404,0,0,-0.6681525950197601,0,0,0,0,-0.7011496316564397,1,0,0,0,0,1,0,0,0
405,0,1,0.2962790853314117,0,0,0,1,0.18076165551499218,0,1,0,0,0,0,1,0,0
406,0,1,1.4673746971864061,0,0,0,0,-0.8123494711804629,1,0,0,0,0,0,1,0,0
407,1,1,-1.8392482068747544,0,0,0,1,0.06912227245107719,0,1,1,0,1,0,0,0,0
408,0,1,-0.5992646178518193,0,0,0,0,-0.8091361472192804,1,0,0,0,0,0,1,0,0
409,0,0,-0.5430295344494186,0,0,0,0,0.3693156710663103,0,1,1,0,0,1,0,0,0
410,0,1,0.1838601376666439,0,0,0,0,-0.7937496823951081,1,0,0,0,0,0,1,0,0
411,0,1,0.1838601376666439,0,1,0,0,-0.9340601116919893,1,0,0,0,0,0,1,0,0
412,1,0,0.22739110816347086,0,1,1,0,1.5452818280111233,0,1,0,0,0,1,0,0,0
413,0,1,0.1838601376666439,0,0,0,1,-3.534079228978147,1,0,0,0,0,0,1,0,0
414,1,1,0.9851588570108202,0,0,0,0,-0.7900648523349328,1,0,0,0,0,0,1,0,0
415,0,0,0.4195190444850673,0,0,0,0,-0.7744389665349906,1,0,0,0,0,0,0,1,0
416,1,0,0.2962790853314117,0,0,0,1,0.60481267058043,0,1,1,0,0,0,0,1,0
417,1,0,-0.8059285493556418,0,0,0,1,-0.29490695142577483,0,0,1,0,0,1,0,0,0
418,0,1,0.020727176659648322,0,0,0,1,-0.29490695142577483,1,0,0,0,0,0,1,0,0
419,0,0,-1.3570323666991686,0,0,0,0,0.3176023716976525,0,0,1,0,0,1,0,0,0
420,0,1,0.1838601376666439,1,0,0,0,-0.7937496823951081,1,0,0,0,0,0,1,0,0
421,0,1,-0.5992646178518193,0,1,0,0,-0.8145015916428835,1,0,0,0,0,0,1,0,0
422,0,1,-0.04816080050829252,0,0,0,0,-0.7963825999872757,1,0,0,0,0,0,1,0,0
423,0,0,-0.11704877767623337,0,0,0,0,-0.19284601193836354,0,1,1,0,0,0,0,1,0
424,0,1,-0.8059285493556418,0,0,0,0,0.14317436939489844,0,1,1,0,0,0,1,0,0
425,0,1,0.1838601376666439,0,0,0,0,-0.8788200108994082,1,0,0,0,0,0,1,0,0
426,1,0,-0.11704877767623337,0,0,0,1,0.3894624891038156,0,1,0,0,0,0,0,1,0
427,1,0,-0.7370405721877009,0,0,0,1,0.3894624891038156,1,0,0,0,0,1,0,0,0
428,0,1,0.1838601376666439,0,1,0,0,-0.8123494711804629,1,0,0,0,0,0,1,0,0
429,1,1,0.15850313099553,0,0,0,0,-0.7744389665349906,1,0,0,0,0,0,1,0,0
430,1,1,-0.11704877767623337,0,0,1,0,0.4097876829708136,1,0,0,0,0,0,1,0,0
431,1,0,0.4195190444850673,0,0,0,0,-0.08180959740030973,0,1,0,0,0,0,0,1,0
432,1,0,0.8473829026749384,0,0,0,1,0.3894624891038156,0,1,0,0,0,0,0,1,0
433,0,1,-0.8748165265235827,0,0,0,0,-0.8961298507513357,1,0,0,0,0,0,1,0,0
434,0,1,1.3984867200184652,0,0,1,0,1.1148007528858417,0,1,0,0,0,0,1,0,0
435,1,0,-1.0814804580274051,0,0,1,0,1.7970226728965362,0,1,1,0,0,1,0,0,0
436,0,0,-0.5992646178518193,0,0,0,0,0.6584677037140474,0,1,1,0,0,1,0,0,0
437,1,0,-0.3926006863479967,0,0,0,1,0.06912227245107719,0,1,1,0,0,0,0,1,0
438,0,1,2.362918400369637,0,0,1,0,2.451465567777001,0,1,1,0,0,0,1,0,0
439,0,1,0.08961515382758917,0,0,0,1,-0.508581748876937,1,0,0,0,0,0,1,0,0
440,1,0,1.054046834178761,0,0,0,1,0.39875702744646196,0,1,1,0,0,0,0,1,0
441,0,1,-0.6681525950197601,0,0,0,0,-0.6087975787372644,1,0,0,0,0,0,1,0,0
442,0,1,-0.3237127091800559,0,0,0,0,-0.8091361472192804,0,1,0,0,0,0,1,0,0
443,1,0,-0.11704877767623337,0,0,0,1,-0.29490695142577483,1,0,0,0,0,1,0,0,0
444,1,1,0.1838601376666439,0,0,0,0,-0.7667146309212611,1,0,0,0,0,0,1,0,0
445,1,1,-1.7703602297068137,0,0,1,0,1.4609271179634924,0,0,1,0,1,0,0,0,0
446,1,0,-1.150368435195346,0,0,0,1,0.10782252429134782,0,0,1,0,0,1,0,0,0
447,1,1,0.2962790853314117,0,0,1,0,0.4097876829708136,1,0,0,0,0,0,1,0,0
448,1,0,-1.7014722525388728,1,0,0,0,0.09552283838586585,0,1,1,0,0,1,0,0,0
449,1,1,1.5362626743543468,0,0,1,0,0.5438195401808212,1,0,0,1,0,0,0,0,0
450,0,1,0.43405503966729336,0,0,0,1,0.4526284654702597,0,1,1,0,0,0,1,0,0
451,0,1,0.1838601376666439,0,0,0,0,0.13112785294947066,0,1,0,0,0,0,1,0,0
452,0,1,0.020727176659648322,1,0,1,0,0.4526284654702597,1,0,0,0,0,0,1,0,0
453,1,1,1.3295987428505243,1,0,1,0,1.53641483618811,0,1,0,0,0,0,1,0,0
454,0,1,0.1838601376666439,0,0,0,0,-0.7744389665349906,1,0,0,0,0,0,1,0,0
455,1,1,-0.04816080050829252,1,0,0,0,-0.7937496823951081,1,0,0,0,0,0,1,0,0
456,0,1,2.431806377537578,0,0,1,0,0.4097876829708136,1,0,0,0,0,0,1,0,0
457,1,0,0.4195190444850673,0,0,1,0,1.0455156118295652,0,1,0,0,0,0,0,1,0
458,1,0,1.3984867200184652,0,0,0,1,-0.508581748876937,1,0,0,0,0,1,0,0,0
459,0,1,0.1838601376666439,0,1,0,0,-0.8123494711804629,1,0,0,0,0,0,1,0,0
460,1,1,1.2607107656825836,0,0,1,0,0.4097876829708136,1,0,0,0,0,0,1,0,0
461,0,1,0.2962790853314117,0,0,0,0,-0.7744389665349906,1,0,0,0,0,0,1,0,0
462,0,1,1.1918227885146426,0,0,1,0,0.7662614856190791,1,0,0,0,0,0,1,0,0
463,0,1,1.2607107656825836,0,0,0,1,-0.29490695142577483,1,0,0,0,0,0,1,0,0
464,0,1,0.1838601376666439,0,0,0,0,-0.7744389665349906,1,0,0,0,0,0,1,0,0
465,0,1,0.571830994003175,0,0,0,0,-0.9066566679432189,1,0,0,0,0,0,1,0,0
466,0,1,0.1838601376666439,0,0,0,1,-3.534079228978147,1,0,0,0,0,0,1,0,0
467,0,1,1.8118145830261103,0,0,1,0,0.4097876829708136,1,0,0,0,0,0,1,0,0
468,0,1,0.1838601376666439,0,1,0,0,-0.8155728896866195,1,0,0,0,0,0,1,0,0
469,1,0,-1.9942461555026214,1,0,0,0,0.09552283838586585,0,1,1,0,0,1,0,0,0
470,0,1,0.1838601376666439,0,0,0,0,-0.8788200108994082,1,0,0,0,0,0,1,0,0
471,0,1,0.571830994003175,0,0,0,0,-0.7011496316564397,1,0,0,0,0,0,1,0,0
472,1,0,0.22739110816347086,0,0,0,1,0.4526284654702597,0,1,1,0,0,0,0,1,0
473,1,0,-0.4614886635159376,1,0,0,1,-0.23588578116465336,1,0,0,0,0,0,0,1,0
474,0,0,-0.5303766406838785,0,0,0,0,-0.5738445536463668,1,0,0,0,0,1,0,0,0
475,0,1,0.1838601376666439,0,0,1,0,1.0479694907503116,1,0,0,0,0,0,1,0,0
476,0,1,0.2962790853314117,0,0,0,1,0.18076165551499218,0,1,0,0,0,0,1,0,0
477,0,1,-0.04816080050829252,0,0,0,0,-0.9072493499089954,0,1,0,0,0,0,1,0,0
478,0,1,-0.5303766406838785,0,0,0,0,-0.8422875704302029,1,0,0,0,0,0,1,0,0
479,1,0,-1.9081361840426954,0,0,0,0,-0.35124502422309495,0,0,1,0,0,1,0,0,0
480,0,1,-1.4259203438671093,0,0,0,0,0.9519329279939817,0,1,1,0,1,0,0,0,0
481,0,1,0.1838601376666439,0,0,0,1,-3.534079228978147,1,0,0,0,0,0,1,0,0
482,0,1,1.3984867200184652,0,0,0,0,-0.7744389665349906,1,0,0,0,0,0,1,0,0
483,1,0,2.294030423201696,0,0,0,0,-0.5996184985918261,1,0,0,0,0,0,0,1,0
484,1,1,-0.3237127091800559,1,0,1,0,1.5558377893841182,0,1,0,0,0,0,1,0,0
485,0,0,-0.5430295344494186,0,0,0,0,0.3693156710663103,0,1,1,0,0,1,0,0,0
486,1,0,0.36516706249935255,0,0,1,0,1.5452818280111233,0,1,0,0,0,0,0,1,0
487,0,1,1.949590537361992,1,0,1,0,0.5182216859312723,1,0,0,0,0,0,1,0,0
488,0,1,0.020727176659648322,0,0,0,0,-0.7744389665349906,1,0,0,0,0,0,1,0,0
489,1,1,-1.4259203438671093,0,0,0,0,-0.09422851908274288,0,1,1,0,1,0,0,0,0
490,0,1,0.1838601376666439,0,0,0,0,0.13112785294947066,0,1,0,0,0,0,1,0,0
491,0,1,-0.5992646178518193,0,0,0,0,-0.8788200108994082,1,0,0,0,0,0,1,0,0
492,0,1,1.7429266058581694,0,0,1,0,0.5438195401808212,1,0,0,0,0,0,1,0,0
493,0,1,2.845134240545223,1,0,1,0,1.0023029815795415,1,0,0,0,0,0,1,0,0
494,0,1,-0.5992646178518193,0,0,0,0,-0.7744389665349906,1,0,0,0,0,0,1,0,0
495,0,1,0.1838601376666439,1,0,0,0,-0.1888193821209553,1,0,0,0,0,0,1,0,0
496,1,0,1.6740386286902287,1,0,1,0,1.4207747697717406,0,1,0,0,0,1,0,0,0
497,0,1,0.1838601376666439,0,0,0,0,-0.14557005828200617,1,0,0,0,0,0,1,0,0
498,0,0,-0.3237127091800559,0,0,1,0,1.9966262949697902,0,1,1,0,0,0,0,1,0
499,0,1,-0.3926006863479967,0,0,0,0,-0.8064703115048817,1,0,0,0,0,0,1,0,0
500,0,1,-0.8748165265235827,0,0,0,0,-0.7011496316564397,1,0,0,0,0,0,1,0,0
501,0,0,-0.5992646178518193,0,1,0,0,-0.8123494711804629,1,0,0,0,0,1,0,0,0
502,0,0,-0.5430295344494186,0,1,0,0,-0.8280195865339511,1,0,0,0,0,1,0,0,0
503,0,0,0.5029430168352342,0,0,0,0,-0.5996184985918261,1,0,0,0,0,1,0,0,0
504,1,0,-0.9437045036915235,0,0,1,0,1.5100772838130345,1,0,0,0,0,1,0,0,0
505,0,1,-0.8059285493556418,1,0,1,0,1.7127943267497472,0,1,0,0,0,0,1,0,0
506,1,0,0.22739110816347086,0,0,0,1,0.3894624891038156,0,0,1,0,0,0,0,1,0
507,1,1,0.1838601376666439,0,0,1,0,0.4097876829708136,1,0,0,0,0,0,1,0,0
508,0,1,-0.11704877767623337,0,0,0,0,0.24952191526495904,1,0,0,0,0,0,1,0,0
509,1,1,-0.25482473201211503,0,0,0,0,1.124566263356787,1,0,0,0,0,0,1,0,0
510,1,1,-0.04816080050829252,0,1,0,0,-0.8123494711804629,1,0,0,0,0,0,1,0,0
511,0,1,0.1838601376666439,0,0,0,0,-0.7744389665349906,1,0,0,0,0,0,1,0,0
512,1,1,0.43405503966729336,0,0,1,0,0.40014313097561854,1,0,0,0,0,0,1,0,0
513,1,0,1.6740386286902287,1,0,1,0,1.1706289763114814,0,1,0,0,0,0,0,1,0
514,0,1,-0.3926006863479967,0,0,0,0,-0.8456064385830077,1,0,0,0,0,0,1,0,0
515,0,1,1.1918227885146426,0,0,1,0,0.6485747554947932,1,0,0,0,0,0,1,0,0
516,1,0,0.2962790853314117,0,0,0,1,-0.508581748876937,1,0,0,0,0,0,0,1,0
517,0,1,0.1838601376666439,0,1,0,0,0.3176023716976525,1,0,0,0,0,0,1,0,0
518,1,0,0.43405503966729336,0,0,0,1,0.3894624891038156,0,1,0,0,0,0,0,1,0
519,0,1,0.15850313099553,0,0,0,0,-0.7937496823951081,1,0,0,0,0,0,1,0,0
520,1,0,0.020727176659648322,0,0,1,0,1.5790303443541593,1,0,0,0,0,1,0,0,0
521,0,1,-0.5303766406838785,0,0,0,0,-0.7937496823951081,1,0,0,0,0,0,1,0,0
522,0,1,0.1838601376666439,1,0,0,0,-0.8822588435457258,1,0,0,0,0,0,1,0,0
523,1,0,0.9851588570108202,1,0,1,0,1.1484052423769242,0,0,1,0,0,0,0,1,0
524,0,1,0.1838601376666439,1,0,0,0,-0.8816803183842716,1,0,0,0,0,0,1,0,0
525,0,1,0.7440509369230272,0,1,0,0,-0.8123494711804629,1,0,0,0,0,0,1,0,0
526,1,0,1.3984867200184652,0,0,0,1,-0.508581748876937,1,0,0,0,0,1,0,0,0
527,0,1,0.1838601376666439,0,0,1,0,2.313273495114287,1,0,0,0,0,0,1,0,0
528,0,1,0.6407189711711159,0,0,0,0,-0.7900648523349328,1,0,0,0,0,0,1,0,0
529,0,1,-0.4614886635159376,0,0,0,1,-0.4175071151092745,0,1,1,0,0,0,1,0,0
530,1,0,-1.9081361840426954,0,0,0,1,0.3894624891038156,0,1,1,0,0,1,0,0,0
531,0,1,0.1838601376666439,1,0,0,0,-0.8816803183842716,1,0,0,0,0,0,1,0,0
532,0,1,-0.8748165265235827,1,0,0,0,-0.8816803183842716,0,1,1,0,0,0,1,0,0
533,1,0,0.4195190444850673,1,0,0,0,0.24224744376372973,0,0,1,0,0,0,0,1,0
534,0,0,0.020727176659648322,0,0,0,0,-0.7011496316564397,1,0,0,0,0,1,0,0,0
535,1,0,-1.5636962982029912,0,0,0,1,0.39875702744646196,0,0,1,0,0,1,0,0,0
536,0,1,1.054046834178761,0,0,1,0,0.4097876829708136,1,0,0,1,0,0,0,0,0
537,1,0,0.020727176659648322,1,0,1,0,1.6927388062168678,1,0,0,0,0,1,0,0,0
538,0,1,0.1838601376666439,0,0,0,0,-0.1859494845016523,1,0,0,0,0,0,1,0,0
539,1,0,-0.5303766406838785,1,0,1,0,1.0022240597263339,0,0,1,0,0,1,0,0,0
540,1,0,0.43405503966729336,0,0,1,0,1.3330516307246083,0,0,1,0,0,1,0,0,0
541,0,0,-1.4259203438671093,0,0,0,0,0.5679458144351708,0,1,1,0,0,1,0,0,0
542,0,0,-1.2881443895312277,0,0,0,0,0.5679458144351708,0,1,1,0,0,1,0,0,0
543,1,1,0.15850313099553,0,0,0,1,0.3894624891038156,0,1,0,0,0,0,1,0,0
544,0,1,1.3984867200184652,1,0,1,0,1.6927388062168678,0,1,0,0,0,0,1,0,0
545,0,1,2.362918400369637,0,0,1,0,0.3894624891038156,1,0,0,0,0,0,1,0,0
546,1,0,-0.7370405721877009,0,0,0,1,0.3894624891038156,0,1,0,0,0,0,0,1,0
547,1,1,0.1838601376666439,1,0,0,1,-0.23077740495810858,1,0,0,0,0,0,1,0,0
548,0,1,0.22739110816347086,0,0,0,0,0.15827043093030468,0,1,1,0,0,0,1,0,0
549,1,1,-1.4948083210350502,0,0,0,1,0.722114713420121,0,1,1,0,1,0,0,0,0
550,1,1,-0.8748165265235827,1,0,1,0,1.728510879886873,0,0,1,0,0,0,1,0,0
551,0,1,-0.1859367548441742,0,0,0,1,0.3894624891038156,1,0,0,0,0,0,1,0,0
552,0,1,0.1838601376666439,0,1,0,0,-0.8022040400083158,1,0,0,0,0,0,1,0,0
553,1,1,-0.5303766406838785,1,0,0,0,-0.8822588435457258,1,0,0,0,0,0,1,0,0
554,1,0,-0.5303766406838785,0,0,0,0,-0.8091361472192804,1,0,0,0,0,1,0,0,0
555,0,1,2.225142446033755,0,0,1,0,0.4097876829708136,1,0,0,0,0,0,1,0,0
556,1,0,1.2607107656825836,1,0,1,0,0.7929255810718022,0,1,0,0,0,0,0,0,1
557,0,1,0.1838601376666439,1,0,1,0,2.3341482456030995,1,0,0,0,0,0,1,0,0
558,1,0,0.6407189711711159,0,0,1,0,1.4364714791510735,0,1,1,0,0,0,0,1,0
559,1,0,0.43405503966729336,0,0,0,0,-0.004784500090352121,0,1,0,0,0,0,0,1,0
560,0,1,0.1838601376666439,0,1,0,0,-0.8123494711804629,1,0,0,0,0,0,1,0,0
561,0,1,0.7096069483390568,0,0,0,0,-0.7937496823951081,1,0,0,0,0,0,1,0,0
562,0,1,-0.11704877767623337,0,0,0,1,-0.25721945267277185,1,0,0,0,0,0,1,0,0
563,0,1,0.1838601376666439,0,0,0,0,-0.7744389665349906,1,0,0,0,0,0,1,0,0
564,0,0,-0.5430295344494186,0,0,0,0,-0.7744389665349906,1,0,0,0,0,1,0,0,0
565,0,1,-0.3926006863479967,0,0,0,0,0.3176023716976525,0,1,0,0,0,0,1,0,0
566,0,1,-0.7370405721877009,0,0,0,0,-0.7937496823951081,1,0,0,0,0,0,1,0,0
567,0,0,-0.04816080050829252,0,0,0,0,0.184264126595147,0,0,1,0,0,0,0,1,0
568,0,1,0.1838601376666439,1,0,0,0,-0.8816803183842716,1,0,0,0,0,0,1,0,0
569,1,1,0.15850313099553,0,0,0,0,-0.7990223003910729,1,0,0,0,0,0,1,0,0
570,1,1,2.225142446033755,0,0,0,1,-0.508581748876937,1,0,0,0,0,0,1,0,0
571,1,0,1.6051506515222878,0,0,1,0,1.0386379242742059,0,1,0,0,0,0,0,1,0
572,1,1,0.43405503966729336,0,0,1,0,0.40382920776315306,1,0,0,0,0,0,1,0,0
573,1,0,-0.5430295344494186,0,1,0,0,-0.8123494711804629,1,0,0,0,0,1,0,0,0
574,0,1,-0.9437045036915235,0,0,0,0,-0.7744389665349906,1,0,0,0,0,0,1,0,0
575,0,1,-0.7370405721877009,0,0,0,0,-0.1859494845016523,1,0,0,0,0,0,1,0,0
576,1,0,0.2962790853314117,0,0,0,1,-0.29490695142577483,1,0,0,0,0,1,0,0,0
577,1,0,0.6407189711711159,0,0,1,0,1.1148007528858417,0,1,0,0,0,0,0,1,0
578,0,0,0.4195190444850673,1,0,0,0,-0.1888193821209553,0,1,0,0,0,0,0,1,0
579,1,1,0.15850313099553,0,0,0,0,-0.7900648523349328,1,0,0,0,0,0,1,0,0
580,1,0,-0.3237127091800559,0,0,0,1,0.5279057840154074,0,1,1,0,0,1,0,0,0
581,1,0,0.6407189711711159,1,0,1,0,1.728510879886873,0,1,1,0,0,0,0,1,0
582,0,1,1.6740386286902287,0,0,0,1,0.3894624891038156,1,0,0,0,0,0,1,0,0
583,0,1,0.43405503966729336,1,0,1,0,0.8053734085802972,1,0,0,0,0,0,1,0,0
584,0,1,0.1838601376666439,1,0,0,0,-0.6953933812853441,1,0,0,0,0,0,1,0,0
585,1,0,-0.8059285493556418,0,0,1,0,1.4364714791510735,0,0,1,0,0,1,0,0,0
586,0,1,1.1918227885146426,0,0,0,1,-0.1521840820158176,1,0,0,0,0,0,1,0,0
587,1,1,2.087366491697874,1,0,1,0,1.431397844298052,0,1,1,0,0,0,1,0,0
588,0,1,-0.5303766406838785,0,0,0,0,-0.7744389665349906,1,0,0,0,0,0,1,0,0
589,0,1,0.1838601376666439,0,0,0,0,-0.7744389665349906,1,0,0,0,0,0,1,0,0
590,0,1,0.36516706249935255,0,0,0,0,-0.8961298507513357,1,0,0,0,0,0,1,0,0
591,1,0,1.5362626743543468,1,0,1,0,1.4207747697717406,0,1,0,0,0,0,0,1,0
592,0,1,1.1918227885146426,0,0,0,0,-0.8788200108994082,1,0,0,0,0,0,1,0,0
593,0,0,-0.5430295344494186,0,1,0,0,-0.8123494711804629,0,0,1,0,0,1,0,0,0
594,0,1,0.5029430168352342,0,0,0,1,0.3894624891038156,0,1,0,0,0,0,1,0,0
595,0,1,0.43405503966729336,0,0,0,0,0.3176023716976525,0,1,1,0,0,0,1,0,0
596,1,0,-0.5430295344494186,0,0,0,1,0.6194371027389785,1,0,0,0,0,1,0,0,0
597,0,1,1.3295987428505243,0,0,0,0,-3.534079228978147,1,0,0,0,0,0,1,0,0
598,0,1,0.1838601376666439,1,0,0,0,-0.8822588435457258,1,0,0,0,0,0,1,0,0
599,1,1,1.3295987428505243,1,0,1,0,1.1316004034060663,0,1,0,0,0,0,0,0,1
600,1,0,-0.3926006863479967,0,0,0,1,0.4260888138266195,0,1,1,0,0,0,0,1,0
601,0,1,0.1838601376666439,0,0,0,0,-0.7937496823951081,1,0,0,0,0,0,1,0,0
602,0,1,0.1838601376666439,0,0,1,0,0.8573692577132184,1,0,0,0,0,0,1,0,0
603,0,1,0.9851588570108202,0,0,0,0,-0.7744389665349906,1,0,0,0,0,0,1,0,0
604,1,1,0.36516706249935255,1,0,1,0,0.4097876829708136,1,0,0,0,0,0,1,0,0
605,0,1,0.43405503966729336,0,0,0,0,-0.1163548712311059,0,1,0,0,0,0,1,0,0
606,0,1,0.020727176659648322,0,0,0,0,-0.7937496823951081,1,0,0,0,0,0,1,0,0
607,1,1,-0.1859367548441742,0,0,1,0,0.5438195401808212,1,0,0,0,0,0,1,0,0
608,1,0,-0.5303766406838785,1,0,0,1,0.8389621153238396,0,1,1,0,0,0,0,1,0
609,1,0,0.7096069483390568,0,0,1,0,2.0072316709217044,1,0,0,0,0,1,0,0,0
610,0,0,0.6407189711711159,0,0,0,0,0.5679458144351708,0,1,1,0,0,0,0,1,0
611,0,1,0.1838601376666439,0,0,0,0,-0.9066566679432189,1,0,0,0,0,0,1,0,0
612,1,0,-0.5430295344494186,0,1,0,0,-0.11955766867350957,0,1,0,0,0,1,0,0,0
613,0,1,0.1838601376666439,0,1,0,0,-0.8123494711804629,1,0,0,0,0,0,1,0,0
614,0,1,0.36516706249935255,0,0,0,0,-0.7744389665349906,1,0,0,0,0,0,1,0,0
615,1,0,-0.3926006863479967,0,0,0,1,1.2529537673385671,0,1,1,0,0,1,0,0,0
616,0,1,0.2962790853314117,0,0,0,0,-0.19284601193836354,0,1,1,0,0,0,1,0,0
617,0,0,-0.25482473201211503,0,0,0,0,-0.08180959740030973,0,1,0,0,0,0,0,1,0
618,1,0,-1.7703602297068137,0,0,0,1,0.7784812836829662,0,1,1,0,0,1,0,0,0
619,0,1,-0.25482473201211503,0,0,0,1,-0.508581748876937,1,0,0,0,0,0,1,0,0
620,0,1,-0.1859367548441742,1,0,0,0,-0.18910201309544222,0,1,0,0,0,0,1,0,0
621,1,1,0.8473829026749384,0,0,1,0,1.0577895966442024,0,1,0,0,0,0,1,0,0
622,1,1,-0.6681525950197601,1,0,0,0,-0.10417303461050682,0,1,1,0,0,0,1,0,0
623,0,1,-0.5992646178518193,0,0,0,0,-0.7990223003910729,1,0,0,0,0,0,1,0,0
624,0,1,-0.5992646178518193,0,0,0,0,-0.08180959740030973,1,0,0,0,0,0,1,0,0
625,0,1,2.1562544688658143,0,0,1,0,0.5995128562138553,1,0,0,0,0,0,1,0,0
626,0,1,1.880702560194051,0,1,0,1,-0.34617186472439987,1,0,0,1,0,0,0,0,0
627,1,0,-0.5992646178518193,0,0,1,0,1.4172342653962413,1,0,0,0,0,1,0,0,0
628,0,1,-0.25482473201211503,0,0,0,0,-0.7937496823951081,1,0,0,0,0,0,1,0,0
629,0,1,0.1838601376666439,0,1,0,0,-0.8145015916428835,1,0,0,0,0,0,1,0,0
630,1,1,3.4651260350566906,0,0,1,0,0.5279057840154074,1,0,0,0,0,0,1,0,0
631,0,1,1.4673746971864061,0,0,0,0,-0.9060643253438738,1,0,0,0,0,0,1,0,0
632,1,1,0.15850313099553,1,0,1,0,0.5438195401808212,1,0,0,1,0,0,0,0,0
633,0,1,0.1838601376666439,0,0,1,0,-3.534079228978147,1,0,0,0,0,0,1,0,0
634,0,0,-1.4259203438671093,0,0,0,0,0.4578451618132792,0,1,1,0,0,1,0,0,0
635,1,0,-0.11704877767623337,0,0,0,1,-0.29490695142577483,1,0,0,0,0,1,0,0,0
636,0,1,0.15850313099553,0,0,0,0,-0.7900648523349328,1,0,0,0,0,0,1,0,0
637,0,1,0.08961515382758917,0,0,0,1,0.39875702744646196,0,1,1,0,0,0,1,0,0
638,0,0,0.7784949255069976,0,0,0,0,0.7950124479441173,0,0,1,0,0,0,0,1,0
639,0,1,0.1838601376666439,0,0,0,0,-0.08180959740030973,0,1,0,0,0,0,1,0,0
640,0,1,-0.6681525950197601,0,0,0,0,-0.7990223003910729,1,0,0,0,0,0,1,0,0
641,1,0,-0.3926006863479967,1,0,1,0,1.3111236763633973,1,0,0,0,0,0,0,0,1
642,0,0,-1.9081361840426954,0,0,0,0,0.4578451618132792,0,1,1,0,0,1,0,0,0
643,1,1,0.1838601376666439,0,0,0,0,1.124566263356787,1,0,0,0,0,0,1,0,0
644,1,0,-1.9942461555026214,1,0,0,0,0.09552283838586585,0,1,1,0,0,1,0,0,0
645,1,1,1.2607107656825836,1,0,1,0,1.4029715225395143,0,1,0,0,0,0,1,0,0
646,0,1,-0.7370405721877009,0,0,0,0,-0.7937496823951081,1,0,0,0,0,0,1,0,0
647,1,1,1.8118145830261103,1,0,1,0,0.6891828147320104,1,0,0,1,0,0,0,0,0
648,0,1,0.1838601376666439,0,0,0,0,-0.8384246404658469,1,0,0,0,0,0,1,0,0
649,1,0,-0.4614886635159376,0,0,0,0,-0.8384246404658469,1,0,0,0,0,1,0,0,0
650,0,1,0.1838601376666439,0,0,0,0,-0.7937496823951081,1,0,0,0,0,0,1,0,0
651,1,0,-0.8059285493556418,0,0,0,1,0.26994365415268723,0,0,1,0,0,1,0,0,0
652,0,1,-0.5992646178518193,0,0,0,0,-0.7279615247369349,1,0,0,0,0,0,1,0,0
653,1,0,-0.5430295344494186,0,1,0,0,-0.8022040400083158,1,0,0,0,0,1,0,0,0
654,0,0,-0.8059285493556418,0,1,0,0,-0.9498679321223064,1,0,0,0,0,1,0,0,0
655,0,1,-0.3926006863479967,0,0,0,1,1.3642869479580602,0,1,0,0,0,0,1,0,0
656,0,1,0.1838601376666439,0,0,0,0,-0.7937496823951081,1,0,0,0,0,0,1,0,0
657,0,0,0.15850313099553,0,1,0,0,-0.11955766867350957,0,1,1,0,0,0,0,1,0
658,0,1,-0.4614886635159376,0,0,0,1,-0.29490695142577483,1,0,0,0,0,0,1,0,0
659,0,1,1.949590537361992,1,0,1,0,1.7470618926866468,0,0,1,0,0,0,1,0,0
660,1,1,1.3984867200184652,0,0,1,0,1.8896655325855451,0,1,0,1,0,0,0,0,0
661,0,1,0.7096069483390568,1,0,0,0,-0.8822588435457258,1,0,0,0,0,0,1,0,0
662,0,1,1.1918227885146426,0,0,1,0,0.37391801023960697,1,0,0,0,0,0,1,0,0
663,0,1,0.43405503966729336,0,0,0,0,-0.8456064385830077,1,0,0,0,0,0,1,0,0
664,1,1,-0.6681525950197601,0,0,0,0,-0.7900648523349328,0,1,0,0,0,0,1,0,0
665,0,1,0.15850313099553,0,0,0,1,1.3642869479580602,0,1,0,0,0,0,1,0,0
666,0,1,-0.3237127091800559,0,0,0,1,-0.29490695142577483,1,0,0,0,0,0,1,0,0
667,0,1,0.1838601376666439,0,0,0,0,-0.8091361472192804,1,0,0,0,0,0,1,0,0
668,0,1,0.9162708798428792,0,0,0,0,-0.7744389665349906,1,0,0,0,0,0,1,0,0
669,1,0,0.4195190444850673,0,0,1,0,1.0479694907503116,0,1,0,0,0,0,0,1,0
670,1,0,0.7096069483390568,0,0,0,1,0.7784812836829662,0,1,1,0,0,0,0,1,0
671,0,1,0.08961515382758917,0,0,1,0,1.0479694907503116,0,1,0,0,0,0,1,0,0
672,0,1,2.776246263377282,0,0,0,1,-0.508581748876937,1,0,0,0,0,0,1,0,0
673,1,1,0.08961515382758917,0,0,0,1,-0.29490695142577483,1,0,0,0,0,0,1,0,0
674,0,1,0.1838601376666439,0,0,0,1,-3.534079228978147,1,0,0,0,0,0,1,0,0
675,0,1,-0.8059285493556418,0,0,0,0,-0.8091361472192804,1,0,0,0,0,0,1,0,0
676,0,1,-0.3581566977640263,0,0,0,0,-0.7744389665349906,1,0,0,0,0,0,1,0,0
677,1,0,-0.8059285493556418,0,0,0,0,-0.5734171441578206,1,0,0,0,0,1,0,0,0
678,0,0,0.9162708798428792,0,0,0,0,0.9519329279939817,0,1,1,0,0,0,0,1,0
679,1,1,0.43405503966729336,1,0,1,0,2.971192115954401,0,0,1,0,0,0,1,0,0
680,0,0,-0.5430295344494186,0,1,0,0,-0.7636411670046966,1,0,0,0,0,1,0,0,0
681,1,1,-0.1859367548441742,1,0,1,0,1.4029715225395143,1,0,0,0,0,0,1,0,0
682,0,1,-0.6681525950197601,0,0,0,0,-0.6382023110905035,1,0,0,0,0,0,1,0,0
683,0,1,-1.0814804580274051,0,0,0,0,0.9519329279939817,0,1,1,0,0,0,1,0,0
684,0,1,2.087366491697874,0,0,0,1,0.7784812836829662,0,1,1,0,0,0,1,0,0
685,0,1,-0.3237127091800559,1,0,0,1,0.8389621153238396,0,1,1,0,0,0,1,0,0
686,0,1,-1.0814804580274051,0,0,0,0,0.7950124479441173,0,1,1,0,0,0,1,0,0
687,0,1,-0.7370405721877009,0,0,0,0,-0.5404799998795935,1,0,0,0,0,0,1,0,0
688,0,1,-0.8059285493556418,0,0,0,0,-0.8064703115048817,1,0,0,0,0,0,1,0,0
689,1,0,-1.0125924808594644,0,0,1,0,2.273779972126005,0,0,1,0,0,1,0,0,0
690,1,1,0.08961515382758917,0,0,1,0,1.1327440056830205,0,1,0,0,0,0,1,0,0
691,1,0,-1.7703602297068137,1,0,0,0,-0.26339822335341456,0,0,1,0,0,1,0,0,0
692,1,1,0.1838601376666439,0,0,0,0,1.124566263356787,1,0,0,0,0,0,1,0,0
693,0,1,-0.3237127091800559,1,0,0,0,-0.8822588435457258,1,0,0,0,0,0,1,0,0
694,0,1,2.087366491697874,0,0,1,0,0.4097876829708136,1,0,0,1,0,0,0,0,0
695,0,1,1.5362626743543468,0,0,0,1,-0.25721945267277185,1,0,0,0,0,0,1,0,0
696,0,1,0.9851588570108202,0,0,0,0,-0.7744389665349906,1,0,0,0,0,0,1,0,0
697,1,0,-0.5430295344494186,0,1,0,0,-0.8145015916428835,1,0,0,0,0,1,0,0,0
698,0,1,1.3295987428505243,1,0,1,0,1.728510879886873,0,1,1,0,0,0,1,0,0
699,0,1,0.8473829026749384,0,0,0,0,-0.8253043229155469,1,0,0,0,0,0,1,0,0
700,1,0,-0.8059285493556418,1,0,1,0,2.3341482456030995,0,1,0,0,0,0,0,1,0
701,1,1,0.36516706249935255,0,0,1,0,0.40014313097561854,1,0,0,0,0,0,1,0,0
702,0,0,-0.8059285493556418,1,0,0,0,-0.18910201309544222,0,0,1,0,0,1,0,0,0
703,0,1,-0.3237127091800559,0,1,0,0,-0.8134185237795684,1,0,0,0,0,0,1,0,0
704,0,1,-0.25482473201211503,0,0,0,0,-0.7990223003910729,0,1,0,0,0,0,1,0,0
705,0,1,0.6407189711711159,0,0,0,1,0.3894624891038156,1,0,0,0,0,0,1,0,0
706,1,0,1.054046834178761,0,0,0,1,-0.25721945267277185,1,0,0,0,0,0,0,1,0
707,1,1,0.8473829026749384,0,0,1,0,0.40014313097561854,1,0,0,0,0,0,1,0,0
708,1,0,-0.5303766406838785,0,0,1,0,1.9966262949697902,1,0,0,0,0,1,0,0,0
709,1,1,-1.7308070494828875,1,0,0,0,-0.13600718893081518,0,1,1,0,1,0,0,0,0
710,1,0,-0.3926006863479967,1,0,1,0,1.0023029815795415,1,0,0,0,0,0,0,0,1
711,0,1,0.1838601376666439,0,0,1,0,0.4097876829708136,1,0,0,0,0,0,1,0,0
712,1,1,1.2607107656825836,0,0,1,0,1.0479694907503116,0,1,0,0,0,0,1,0,0
713,0,1,-0.04816080050829252,0,0,0,0,-0.6105590132080851,1,0,0,0,0,0,1,0,0
714,0,1,1.5362626743543468,0,0,0,1,-0.29490695142577483,1,0,0,0,0,0,1,0,0
715,0,1,-0.7370405721877009,0,0,0,0,-0.8253043229155469,1,0,0,0,0,0,1,0,0
716,1,0,0.571830994003175,1,0,1,0,2.3341482456030995,1,0,0,0,0,1,0,0,0
717,1,0,-0.1859367548441742,0,0,0,1,-0.508581748876937,1,0,0,0,0,1,0,0,0
718,0,1,0.1838601376666439,0,1,0,0,-0.11955766867350957,1,0,0,0,0,0,1,0,0
719,0,1,0.22739110816347086,0,0,0,0,-0.8091361472192804,1,0,0,0,0,0,1,0,0
720,1,0,-1.6325842753709319,0,0,0,1,0.6194371027389785,0,0,1,0,0,1,0,0,0
721,0,1,-0.8748165265235827,0,0,0,0,-0.9060643253438738,0,1,0,0,0,0,1,0,0
722,0,1,0.2962790853314117,0,0,0,1,-0.29490695142577483,1,0,0,0,0,0,1,0,0
723,0,1,1.3984867200184652,0,0,0,1,-0.29490695142577483,1,0,0,0,0,0,1,0,0
724,1,1,-0.1859367548441742,0,0,1,0,1.0673524254551596,0,1,0,0,0,0,1,0,0
725,0,1,-0.6681525950197601,0,0,0,0,-0.7011496316564397,1,0,0,0,0,0,1,0,0
726,1,0,0.020727176659648322,0,0,0,1,0.18076165551499218,0,1,0,0,0,0,0,1,0
727,1,0,-0.5430295344494186,0,1,0,0,-0.813959914829762,1,0,0,0,0,1,0,0,0
728,0,1,-0.3237127091800559,0,0,0,1,0.3894624891038156,0,1,0,0,0,0,1,0,0
729,0,0,-0.3237127091800559,0,0,0,0,-0.7900648523349328,0,1,0,0,0,1,0,0,0
730,1,0,-0.04816080050829252,0,0,1,0,2.273779972126005,1,0,0,0,0,1,0,0,0
731,0,1,-1.2881443895312277,1,0,0,0,0.07109533676794128,1,0,0,0,0,0,1,0,0
732,0,1,0.1838601376666439,0,0,0,1,-3.534079228978147,1,0,0,0,0,0,1,0,0
733,0,1,-0.4614886635159376,0,0,0,1,-0.29490695142577483,1,0,0,0,0,0,1,0,0
734,0,1,-0.4614886635159376,0,0,0,1,-0.29490695142577483,1,0,0,0,0,0,1,0,0
735,0,1,-0.08260478909226295,0,0,0,0,-0.08180959740030973,1,0,0,0,0,0,1,0,0
736,0,0,1.2607107656825836,0,0,0,0,0.6584677037140474,0,1,1,0,0,0,0,1,0
737,1,1,0.36516706249935255,1,0,1,0,2.971192115954401,1,0,0,0,0,0,1,0,0
738,0,1,0.1838601376666439,0,0,0,0,-0.7937496823951081,1,0,0,0,0,0,1,0,0
739,0,1,0.1838601376666439,0,0,0,0,-0.7937496823951081,1,0,0,0,0,0,1,0,0
740,1,1,0.1838601376666439,0,0,1,0,0.5279057840154074,1,0,0,0,0,0,1,0,0
741,0,1,0.43405503966729336,0,0,1,0,1.4274300297575753,0,1,0,0,0,0,1,0,0
742,1,0,-0.5992646178518193,1,0,1,0,2.44955193523899,0,1,1,0,0,1,0,0,0
743,0,1,-0.3926006863479967,0,0,0,0,-0.08180959740030973,0,1,0,0,0,0,1,0,0
744,1,1,0.08961515382758917,0,0,0,0,-0.7900648523349328,1,0,0,0,0,0,1,0,0
745,0,1,2.776246263377282,0,0,1,0,1.3330516307246083,0,1,1,1,0,0,0,0,0
746,0,1,-0.9437045036915235,0,0,0,0,0.14499874319224296,0,1,1,0,0,0,1,0,0
747,1,0,0.020727176659648322,0,0,0,1,-0.29490695142577483,1,0,0,0,0,1,0,0,0
748,0,1,-0.7370405721877009,0,0,1,0,1.0673524254551596,0,1,0,0,0,0,1,0,0
749,0,1,0.08961515382758917,0,1,0,0,-0.8123494711804629,1,0,0,0,0,0,1,0,0
750,1,0,-1.7703602297068137,0,0,0,1,0.26994365415268723,0,1,1,0,0,1,0,0,0
751,1,1,-1.6325842753709319,0,0,0,0,-0.3361033117175764,0,0,1,0,1,0,0,0,0
752,0,1,0.22739110816347086,0,0,0,0,-0.6087975787372644,1,0,0,0,0,0,1,0,0
753,0,1,-0.4614886635159376,0,0,0,0,-0.7937496823951081,1,0,0,0,0,0,1,0,0
754,1,0,1.2607107656825836,0,0,0,1,1.2529537673385671,0,1,1,0,0,0,0,1,0
755,1,1,-1.9997571936760565,0,0,0,1,-0.1859494845016523,0,1,1,0,1,0,0,0,0
756,0,1,-0.11704877767623337,0,0,0,0,-0.8064703115048817,1,0,0,0,0,0,1,0,0
757,0,1,-0.8059285493556418,0,0,0,1,-0.4175071151092745,1,0,0,0,0,0,1,0,0
758,0,1,0.2962790853314117,0,0,0,0,-0.7744389665349906,1,0,0,0,0,0,1,0,0
759,1,0,0.22739110816347086,0,0,1,0,1.5100772838130345,1,0,0,0,0,0,0,0,1
760,0,1,0.1838601376666439,0,0,0,0,-0.1859494845016523,1,0,0,0,0,0,1,0,0
761,0,1,0.7784949255069976,0,0,0,0,-0.8961298507513357,1,0,0,0,0,0,1,0,0
762,1,1,-0.6681525950197601,1,0,0,0,-0.8816803183842716,1,0,0,0,0,0,1,0,0
763,1,0,0.43405503966729336,0,0,1,0,1.7970226728965362,0,1,1,0,0,0,0,1,0
764,0,1,-0.9437045036915235,0,0,0,0,-0.8091361472192804,1,0,0,0,0,0,1,0,0
765,1,0,1.4673746971864061,0,0,1,0,1.4172342653962413,0,1,0,0,0,0,0,1,0
766,0,1,1.1616842985036686,1,0,1,0,0.7929255810718022,1,0,0,1,0,0,0,0,0
767,0,0,0.055171165243618744,0,1,0,0,-0.8123494711804629,1,0,0,0,0,1,0,0,0
768,0,1,0.1838601376666439,0,1,0,0,0.3176023716976525,0,1,0,0,0,0,1,0,0
769,0,1,0.15850313099553,0,0,0,0,-0.7363885442697892,1,0,0,0,0,0,1,0,0
770,0,1,-0.3926006863479967,0,0,0,0,-0.6087975787372644,1,0,0,0,0,0,1,0,0
771,0,1,1.2607107656825836,0,0,0,0,-0.7990223003910729,1,0,0,0,0,0,1,0,0
772,0,0,1.880702560194051,0,0,0,1,-0.508581748876937,1,0,0,0,0,0,0,1,0
773,0,1,0.1838601376666439,1,0,0,0,-0.8822588435457258,1,0,0,0,0,0,1,0,0
774,1,0,1.6740386286902287,0,0,0,1,0.26994365415268723,0,1,1,0,0,0,0,1,0
775,0,1,-0.8059285493556418,0,0,0,0,-0.8123494711804629,1,0,0,0,0,0,1,0,0
776,0,1,0.1838601376666439,0,1,0,0,-0.8123494711804629,1,0,0,0,0,0,1,0,0
777,1,0,-1.7014722525388728,0,0,0,0,-0.3361033117175764,1,0,0,0,0,1,0,0,0
778,0,1,0.1838601376666439,0,1,0,0,-0.813959914829762,1,0,0,0,0,0,1,0,0
779,1,0,0.9162708798428792,0,0,1,0,2.273779972126005,0,0,1,0,0,0,0,1,0
780,1,0,-1.150368435195346,1,0,0,0,-0.8816803183842716,1,0,0,0,0,1,0,0,0
781,1,0,-0.8748165265235827,0,0,1,0,1.1327440056830205,0,1,0,0,0,0,0,1,0
782,0,1,-0.04816080050829252,0,0,1,0,0.5279057840154074,1,0,0,0,0,0,1,0,0
783,0,1,0.1838601376666439,0,0,0,0,0.2888853585993085,0,1,1,0,0,0,1,0,0
784,0,1,-0.3237127091800559,0,0,0,0,-0.9066566679432189,1,0,0,0,0,0,1,0,0
785,0,1,-0.3237127091800559,0,0,0,0,-0.8788200108994082,1,0,0,0,0,0,1,0,0
786,1,0,-0.8059285493556418,0,0,0,0,-0.8456064385830077,1,0,0,0,0,1,0,0,0
787,0,1,-1.4948083210350502,0,1,0,0,0.49936669405602246,0,1,1,0,1,0,0,0,0
788,1,1,-1.977024161210636,0,0,0,0,0.16066346067814524,0,1,1,0,1,0,0,0,0
789,0,1,1.122934811346702,1,0,1,0,1.431397844298052,1,0,0,0,0,0,1,0,0
790,0,1,0.1838601376666439,0,1,0,0,-0.8123494711804629,1,0,0,0,0,0,1,0,0
791,0,1,-0.9437045036915235,0,0,0,1,0.3894624891038156,1,0,0,0,0,0,1,0,0
792,0,0,-0.5430295344494186,0,0,0,0,1.3143846624772113,0,1,1,0,0,1,0,0,0
793,0,1,0.1838601376666439,1,0,1,0,0.5499759558670488,1,0,0,0,0,0,1,0,0
794,0,1,-0.3237127091800559,0,0,0,0,-0.7937496823951081,1,0,0,0,0,0,1,0,0
795,0,1,0.6407189711711159,0,0,0,1,-0.29490695142577483,1,0,0,0,0,0,1,0,0
796,1,0,1.3295987428505243,0,0,1,0,0.3868131017395261,1,0,0,1,0,0,0,0,0
797,1,0,0.08961515382758917,0,0,0,0,-0.6987510684992191,1,0,0,0,0,0,0,1,0
798,0,1,0.020727176659648322,1,0,0,0,-0.8816803183842716,1,0,0,0,0,0,1,0,0
799,0,0,0.020727176659648322,0,0,0,0,0.3176023716976525,0,1,1,0,0,0,0,1,0
800,0,1,0.2962790853314117,0,0,0,1,-0.29490695142577483,1,0,0,0,0,0,1,0,0
801,1,0,0.08961515382758917,0,0,0,1,0.39875702744646196,0,1,1,0,0,0,0,1,0
802,1,1,-1.2881443895312277,0,0,1,0,1.7970226728965362,0,1,1,0,1,0,0,0,0
803,1,1,-2.0169791879680417,1,0,0,0,-0.7181234012254257,0,0,1,0,1,0,0,0,0
804,1,1,-0.1859367548441742,0,0,0,0,-0.9172917065427432,1,0,0,0,0,0,1,0,0
805,0,1,0.08961515382758917,0,0,0,0,-0.8091361472192804,1,0,0,0,0,0,1,0,0
806,0,1,0.6407189711711159,0,0,1,0,-3.534079228978147,1,0,0,0,0,0,1,0,0
807,0,0,-0.8059285493556418,0,0,0,0,-0.8091361472192804,1,0,0,0,0,1,0,0,0
808,0,1,0.6407189711711159,0,0,0,1,-0.29490695142577483,1,0,0,0,0,0,1,0,0
809,1,0,0.22739110816347086,0,0,1,0,1.0673524254551596,0,1,0,0,0,0,0,1,0
810,0,1,-0.25482473201211503,0,0,0,0,-0.7947995066298709,1,0,0,0,0,0,1,0,0
811,0,1,0.6407189711711159,0,0,0,0,0.3176023716976525,1,0,0,0,0,0,1,0,0
812,0,1,0.36516706249935255,0,0,0,1,-0.508581748876937,1,0,0,0,0,0,1,0,0
813,0,0,-1.6325842753709319,0,0,0,0,0.5679458144351708,0,1,1,0,0,1,0,0,0
814,0,1,0.055171165243618744,0,0,0,0,-0.7744389665349906,1,0,0,0,0,0,1,0,0
815,0,1,0.1838601376666439,0,0,1,0,-3.534079228978147,1,0,0,0,0,0,1,0,0
816,0,0,-0.4614886635159376,0,0,0,0,-0.7900648523349328,1,0,0,0,0,1,0,0,0
817,0,1,0.08961515382758917,1,0,0,1,0.7286652205425318,0,1,1,0,0,0,1,0,0
818,0,1,0.9162708798428792,0,0,0,0,-0.9949557744649359,1,0,0,0,0,0,1,0,0
819,0,1,-1.3570323666991686,0,0,0,0,0.4578451618132792,0,1,1,0,1,0,0,0,0
820,1,0,1.5362626743543468,0,0,1,0,1.5790303443541593,0,1,1,0,0,0,0,1,0
821,1,1,-0.1859367548441742,0,0,0,0,-0.7011496316564397,1,0,0,0,0,0,1,0,0
822,0,1,0.571830994003175,0,0,1,0,-3.534079228978147,1,0,0,0,0,0,0,0,1
823,1,0,-0.1859367548441742,0,0,0,0,-0.3361033117175764,0,0,1,0,0,0,0,1,0
824,0,1,-1.9081361840426954,0,0,0,0,0.7950124479441173,0,1,1,0,1,0,0,0,0
825,0,1,0.1838601376666439,0,1,0,0,-0.9208611377476528,1,0,0,0,0,0,1,0,0
826,0,1,0.1838601376666439,0,0,0,0,1.124566263356787,1,0,0,0,0,0,1,0,0
827,1,1,-1.977024161210636,1,0,0,1,0.7286652205425318,0,0,1,0,1,0,0,0,0
828,1,1,0.1838601376666439,0,1,0,0,-0.8123494711804629,1,0,0,0,0,0,1,0,0
829,1,0,2.225142446033755,0,0,1,0,1.4403962009317166,1,0,0,0,0,0,0,1,0
830,1,0,-1.0125924808594644,1,0,0,0,-0.18910201309544222,0,1,0,0,0,0,0,1,0
831,1,1,-1.9887351173291863,0,0,0,1,0.06912227245107719,0,1,1,0,1,0,0,0,0
832,0,1,0.1838601376666439,1,0,0,0,-0.8816803183842716,1,0,0,0,0,0,1,0,0
833,0,1,-0.4614886635159376,0,0,0,0,-0.7990223003910729,1,0,0,0,0,0,1,0,0
834,0,1,-0.8059285493556418,0,0,0,0,-0.7438859932350561,1,0,0,0,0,0,1,0,0
835,1,0,0.6407189711711159,1,0,1,0,1.4749915619436882,0,1,1,0,0,1,0,0,0
836,0,1,-0.5992646178518193,0,0,0,0,-0.7011496316564397,1,0,0,0,0,0,1,0,0
837,0,1,0.1838601376666439,0,0,0,0,-0.7744389665349906,1,0,0,0,0,0,1,0,0
838,1,1,0.15850313099553,0,0,0,0,1.124566263356787,1,0,0,0,0,0,1,0,0
839,1,1,0.1838601376666439,1,0,1,0,0.5182216859312723,1,0,0,0,0,0,1,0,0
840,0,1,-0.6681525950197601,0,0,0,0,-0.7900648523349328,1,0,0,0,0,0,1,0,0
841,0,1,-0.9437045036915235,0,0,0,1,-0.508581748876937,1,0,0,0,0,0,1,0,0
842,1,0,0.020727176659648322,1,0,1,0,0.5594583804125576,1,0,0,0,0,1,0,0,0
843,0,1,0.33072307391538214,1,0,0,0,-0.9968774825347091,1,0,0,0,0,0,1,0,0
844,0,1,-0.8748165265235827,0,0,0,0,-0.7011496316564397,1,0,0,0,0,0,1,0,0
845,0,1,0.8473829026749384,0,0,0,0,-0.8384246404658469,1,0,0,0,0,0,1,0,0
846,0,1,0.1838601376666439,0,0,0,0,1.3143846624772113,0,1,1,0,0,0,1,0,0
847,0,1,0.36516706249935255,1,0,0,0,-0.7937496823951081,1,0,0,0,0,0,1,0,0
848,0,1,-0.11704877767623337,0,0,0,1,0.6194371027389785,0,0,1,1,0,0,0,0,0
849,1,0,0.4195190444850673,1,0,1,0,1.53641483618811,0,1,0,0,0,0,0,1,0
850,0,1,-1.7703602297068137,0,0,0,0,0.5679458144351708,0,1,1,0,1,0,0,0,0
851,0,1,3.0517981720490455,0,0,0,0,-0.8091361472192804,1,0,0,0,0,0,1,0,0
852,0,0,-1.4259203438671093,1,0,0,0,-0.13600718893081518,0,1,1,0,0,1,0,0,0
853,1,0,-0.9437045036915235,0,0,1,0,0.7881370012797341,0,0,1,0,0,1,0,0,0
854,0,0,0.9851588570108202,0,0,0,1,0.3894624891038156,0,1,0,0,0,0,0,1,0
855,1,0,-0.8059285493556418,0,0,0,0,-0.6247302347487568,0,0,1,0,0,0,0,1,0
856,1,0,1.054046834178761,0,0,1,0,2.0676196735798067,0,1,1,0,0,0,0,1,0
857,1,1,1.4673746971864061,0,0,1,0,0.4097876829708136,1,0,0,0,0,0,1,0,0
858,1,0,-0.3926006863479967,1,0,0,0,0.09552283838586585,0,0,1,0,0,0,0,1,0
859,0,1,0.1838601376666439,1,0,0,0,-0.8816803183842716,1,0,0,0,0,0,1,0,0
860,0,1,0.7784949255069976,0,0,0,0,-0.21324753771090663,0,1,0,0,0,0,1,0,0
861,0,1,-0.5992646178518193,0,0,0,1,-0.4175071151092745,0,1,0,0,0,0,1,0,0
862,1,0,1.2607107656825836,0,0,1,0,0.3868131017395261,1,0,0,0,0,0,0,1,0
863,0,0,-0.5430295344494186,0,0,0,0,1.3143846624772113,0,1,1,0,0,1,0,0,0
864,0,1,-0.3926006863479967,0,0,0,1,-0.29490695142577483,1,0,0,0,0,0,1,0,0
865,1,0,0.8473829026749384,0,0,0,1,-0.29490695142577483,1,0,0,0,0,0,0,1,0
866,1,0,-0.1859367548441742,1,0,0,1,-0.2310796981762978,0,1,0,0,0,1,0,0,0
867,0,1,0.08961515382758917,0,0,1,0,1.020737121217534,1,0,0,0,0,0,1,0,0
868,0,1,0.1838601376666439,0,0,0,0,-0.6087975787372644,1,0,0,0,0,0,1,0,0
869,1,1,-1.7703602297068137,0,0,0,0,-0.4499439306697041,0,1,1,0,1,0,0,0,0
870,0,1,-0.25482473201211503,0,0,0,0,-0.7937496823951081,1,0,0,0,0,0,1,0,0
871,1,0,1.1918227885146426,0,0,1,0,1.0577895966442024,0,1,1,0,0,0,0,1,0
872,0,1,0.22739110816347086,0,0,1,0,-1.245280937789082,1,0,0,0,0,0,1,0,0
873,0,1,1.1918227885146426,0,0,0,0,-0.6629139457265515,1,0,0,0,0,0,1,0,0
874,1,0,-0.11704877767623337,1,0,0,1,0.3115232171466179,0,1,0,0,0,0,0,1,0
875,1,0,-1.0125924808594644,1,0,0,0,-0.8822588435457258,1,0,0,0,0,1,0,0,0
876,0,1,-0.6681525950197601,0,0,0,0,-0.5730000863760178,1,0,0,0,0,0,1,0,0
877,0,1,-0.7370405721877009,0,0,0,0,-0.7937496823951081,1,0,0,0,0,0,1,0,0
878,0,1,0.1838601376666439,0,0,0,0,-0.7937496823951081,1,0,0,0,0,0,1,0,0
879,1,0,1.8118145830261103,1,0,1,0,1.4749915619436882,0,0,1,0,0,0,0,1,0
880,1,0,-0.3237127091800559,0,0,0,1,0.3894624891038156,0,0,1,0,0,0,0,1,0
881,0,1,0.22739110816347086,0,0,0,0,-0.7937496823951081,1,0,0,0,0,0,1,0,0
882,0,0,-0.5303766406838785,0,0,0,0,-0.5069903861832409,1,0,0,0,0,1,0,0,0
883,0,1,-0.11704877767623337,0,0,0,1,-0.508581748876937,1,0,0,0,0,0,1,0,0
884,0,1,-0.3237127091800559,0,0,0,0,-0.9066566679432189,1,0,0,0,0,0,1,0,0
885,0,0,0.6407189711711159,0,1,0,0,0.49936669405602246,0,0,1,0,0,0,0,1,0
886,0,1,-0.1859367548441742,0,0,0,1,-0.29490695142577483,1,0,0,1,0,0,0,0,0
887,1,0,-0.7370405721877009,0,0,1,0,0.5279057840154074,1,0,0,0,0,1,0,0,0
888,0,0,-0.5430295344494186,0,0,0,0,0.2888853585993085,0,1,1,0,0,1,0,0,0
889,1,1,-0.25482473201211503,1,0,1,0,0.5279057840154074,1,0,0,0,0,0,1,0,0
890,0,1,0.15850313099553,0,1,0,0,-0.8123494711804629,1,0,0,0,0,0,1,0,0
